{
	"data": {
		"allocation": {
			"description": "Allocation",
			"samples": [
				{
					"50tail-latency": 22.0,
					"95tail-latency": 27.0,
					"999tail-latency": 46.0,
					"99tail-latency": 30.0,
					"L1-dcache-load-misses": 45294616.035570465,
					"L1-icache-load-misses": 66736.0627551029,
					"L2_RQSTS/ALL_CODE_RD": 126192.10846459442,
					"L2_RQSTS/ALL_DEMAND_DATA_RD": 33253051.666151747,
					"L2_RQSTS/ALL_DEMAND_MISS": 21431535.1597197,
					"L2_RQSTS/ALL_DEMAND_REFERENCES": 40427544.125819534,
					"L2_RQSTS/CODE_RD_MISS": 111772.63324913409,
					"L2_RQSTS/DEMAND_DATA_RD_MISS": 19867164.936368853,
					"L2_RQSTS/MISS": 23795731.05218187,
					"L2_RQSTS/REFERENCES": 45946591.53155557,
					"L2_TRANS/CODE_RD": 125354.70760403998,
					"L2_TRANS/DEMAND_DATA_RD": 33259499.384388823,
					"LLC_MISS": 7570536.244753494,
					"LLC_REFERENCE": 23815350.96664185,
					"MEM_LOAD_UOPS_RETIRED/L1_MISS": 13517565.616874898,
					"MEM_LOAD_UOPS_RETIRED/L2_MISS": 2051060.9841240537,
					"MEM_LOAD_UOPS_RETIRED/L3_MISS": 7524.742816730496,
					"MEM_UOPS_RETIRED/ALL_LOADS": 1359017027.9222155,
					"contender-L1-dcache-load-misses": 29407085.15504255,
					"contender-L1-icache-load-misses": 3323837.2956204745,
					"contender-L2_RQSTS/ALL_CODE_RD": 8459142.68116098,
					"contender-L2_RQSTS/ALL_DEMAND_DATA_RD": 11906694.069070222,
					"contender-L2_RQSTS/ALL_DEMAND_MISS": 15609536.647765167,
					"contender-L2_RQSTS/ALL_DEMAND_REFERENCES": 35944515.03146107,
					"contender-L2_RQSTS/CODE_RD_MISS": 4876090.663606996,
					"contender-L2_RQSTS/DEMAND_DATA_RD_MISS": 5972506.747889097,
					"contender-L2_RQSTS/MISS": 35381975.783590436,
					"contender-L2_RQSTS/REFERENCES": 59679615.51632851,
					"contender-L2_TRANS/CODE_RD": 8690863.2153948,
					"contender-L2_TRANS/DEMAND_DATA_RD": 13549318.84878892,
					"contender-LLC_MISS": 19368939.246466376,
					"contender-LLC_REFERENCE": 35376171.0700601,
					"contender-MEM_LOAD_UOPS_RETIRED/L1_MISS": 10131906.252068207,
					"contender-MEM_LOAD_UOPS_RETIRED/L2_MISS": 4820452.175173199,
					"contender-MEM_LOAD_UOPS_RETIRED/L3_MISS": 1471226.709975774,
					"contender-MEM_UOPS_RETIRED/ALL_LOADS": 2691121348.42856,
					"contender-cpu-cycles": 7076272475.844479,
					"contender-dTLB-load-misses": 620519.2991619754,
					"contender-iTLB-load-misses": 150704.37263217097,
					"contender-instructions": 10877828278.776485,
					"contender-stalled-cycles": 3504536800.391193,
					"contender_tput": 0.0,
					"cpu-cycles": 2096060842.6167808,
					"dTLB-load-misses": 29375.17078331898,
					"iTLB-load-misses": 7278.502373918716,
					"instructions": 4519711371.253563,
					"intel_cqm/local_bytes": 2471.000225161411,
					"mean": 22.69,
					"mite_throughput": 3.6,
					"mite_tput_limit": 3.6,
					"stalled-cycles": 678010422.6154628
				},
				{
					"50tail-latency": 23.0,
					"95tail-latency": 28.0,
					"999tail-latency": 68.0,
					"99tail-latency": 31.0,
					"L1-dcache-load-misses": 46963296.66564812,
					"L1-icache-load-misses": 66879.25573324515,
					"L2_RQSTS/ALL_CODE_RD": 126832.53934261878,
					"L2_RQSTS/ALL_DEMAND_DATA_RD": 34314411.66908478,
					"L2_RQSTS/ALL_DEMAND_MISS": 21852424.813558567,
					"L2_RQSTS/ALL_DEMAND_REFERENCES": 42050251.869743526,
					"L2_RQSTS/CODE_RD_MISS": 114077.05632386968,
					"L2_RQSTS/DEMAND_DATA_RD_MISS": 20317129.008235764,
					"L2_RQSTS/MISS": 24174258.14648579,
					"L2_RQSTS/REFERENCES": 47599264.980134785,
					"L2_TRANS/CODE_RD": 126287.3360408326,
					"L2_TRANS/DEMAND_DATA_RD": 34378036.146800496,
					"LLC_MISS": 7692758.4109667195,
					"LLC_REFERENCE": 24171545.428285066,
					"MEM_LOAD_UOPS_RETIRED/L1_MISS": 13825463.46191933,
					"MEM_LOAD_UOPS_RETIRED/L2_MISS": 1836037.4964189522,
					"MEM_LOAD_UOPS_RETIRED/L3_MISS": 6915.188603651183,
					"MEM_UOPS_RETIRED/ALL_LOADS": 1389944281.3149867,
					"contender-L1-dcache-load-misses": 28644344.974806875,
					"contender-L1-icache-load-misses": 3772142.479643181,
					"contender-L2_RQSTS/ALL_CODE_RD": 8612123.500126595,
					"contender-L2_RQSTS/ALL_DEMAND_DATA_RD": 12881383.651467858,
					"contender-L2_RQSTS/ALL_DEMAND_MISS": 16261164.03038155,
					"contender-L2_RQSTS/ALL_DEMAND_REFERENCES": 36982074.43623838,
					"contender-L2_RQSTS/CODE_RD_MISS": 5493916.975767924,
					"contender-L2_RQSTS/DEMAND_DATA_RD_MISS": 6225679.796922065,
					"contender-L2_RQSTS/MISS": 36453491.42291751,
					"contender-L2_RQSTS/REFERENCES": 61300987.54752579,
					"contender-L2_TRANS/CODE_RD": 9007451.410599826,
					"contender-L2_TRANS/DEMAND_DATA_RD": 15016638.53578061,
					"contender-LLC_MISS": 17748894.52071737,
					"contender-LLC_REFERENCE": 36146872.74063593,
					"contender-MEM_LOAD_UOPS_RETIRED/L1_MISS": 11231509.23995867,
					"contender-MEM_LOAD_UOPS_RETIRED/L2_MISS": 4964801.661101021,
					"contender-MEM_LOAD_UOPS_RETIRED/L3_MISS": 1413362.1139778716,
					"contender-MEM_UOPS_RETIRED/ALL_LOADS": 2608575138.023934,
					"contender-cpu-cycles": 7168410392.403155,
					"contender-dTLB-load-misses": 625494.7828875214,
					"contender-iTLB-load-misses": 143937.45752085824,
					"contender-instructions": 10709459160.921011,
					"contender-stalled-cycles": 3662925273.3653193,
					"contender_tput": 0.0,
					"cpu-cycles": 2096127801.4006665,
					"dTLB-load-misses": 39848.81105947859,
					"iTLB-load-misses": 7935.45449015037,
					"instructions": 4607156353.275356,
					"intel_cqm/local_bytes": 3802.4538782606137,
					"mean": 23.96,
					"mite_throughput": 3.7,
					"mite_tput_limit": 3.7,
					"stalled-cycles": 658082942.7264851
				},
				{
					"50tail-latency": 22.0,
					"95tail-latency": 26.0,
					"999tail-latency": 62.0,
					"99tail-latency": 31.0,
					"L1-dcache-load-misses": 47659702.94777075,
					"L1-icache-load-misses": 66593.69367137416,
					"L2_RQSTS/ALL_CODE_RD": 127392.17566364049,
					"L2_RQSTS/ALL_DEMAND_DATA_RD": 35116520.33432046,
					"L2_RQSTS/ALL_DEMAND_MISS": 22736785.09880641,
					"L2_RQSTS/ALL_DEMAND_REFERENCES": 42671014.32281919,
					"L2_RQSTS/CODE_RD_MISS": 113099.76673220823,
					"L2_RQSTS/DEMAND_DATA_RD_MISS": 21060123.65408864,
					"L2_RQSTS/MISS": 25201618.081126217,
					"L2_RQSTS/REFERENCES": 48396456.07257366,
					"L2_TRANS/CODE_RD": 126204.90516854191,
					"L2_TRANS/DEMAND_DATA_RD": 35132718.87951465,
					"LLC_MISS": 8022880.495901603,
					"LLC_REFERENCE": 25214957.034814928,
					"MEM_LOAD_UOPS_RETIRED/L1_MISS": 14302071.449966421,
					"MEM_LOAD_UOPS_RETIRED/L2_MISS": 2196845.5146747744,
					"MEM_LOAD_UOPS_RETIRED/L3_MISS": 7200.258113188882,
					"MEM_UOPS_RETIRED/ALL_LOADS": 1335988466.996816,
					"contender-L1-dcache-load-misses": 27665174.021830022,
					"contender-L1-icache-load-misses": 3611520.2466470995,
					"contender-L2_RQSTS/ALL_CODE_RD": 9378399.99483003,
					"contender-L2_RQSTS/ALL_DEMAND_DATA_RD": 14633755.431265755,
					"contender-L2_RQSTS/ALL_DEMAND_MISS": 16188554.985898187,
					"contender-L2_RQSTS/ALL_DEMAND_REFERENCES": 34670922.96856772,
					"contender-L2_RQSTS/CODE_RD_MISS": 4996171.4227317525,
					"contender-L2_RQSTS/DEMAND_DATA_RD_MISS": 6997098.86631153,
					"contender-L2_RQSTS/MISS": 35356827.792353,
					"contender-L2_RQSTS/REFERENCES": 58025160.84366897,
					"contender-L2_TRANS/CODE_RD": 8563227.350588635,
					"contender-L2_TRANS/DEMAND_DATA_RD": 16019057.406039901,
					"contender-LLC_MISS": 19098454.53979819,
					"contender-LLC_REFERENCE": 34351238.226014346,
					"contender-MEM_LOAD_UOPS_RETIRED/L1_MISS": 11769047.19126187,
					"contender-MEM_LOAD_UOPS_RETIRED/L2_MISS": 5135265.01947993,
					"contender-MEM_LOAD_UOPS_RETIRED/L3_MISS": 1886594.9207694328,
					"contender-MEM_UOPS_RETIRED/ALL_LOADS": 2534147738.708265,
					"contender-cpu-cycles": 7274485387.296522,
					"contender-dTLB-load-misses": 639101.6040560228,
					"contender-iTLB-load-misses": 155821.69735860467,
					"contender-instructions": 10194582943.382967,
					"contender-stalled-cycles": 3781062649.6763935,
					"contender_tput": 0.0,
					"cpu-cycles": 2096084552.1793804,
					"dTLB-load-misses": 25251.37626369264,
					"iTLB-load-misses": 7729.542551488559,
					"instructions": 4424186409.009485,
					"intel_cqm/local_bytes": 2325.1408582457057,
					"mean": 22.69,
					"mite_throughput": 3.8,
					"mite_tput_limit": 3.8,
					"stalled-cycles": 700700433.0893363
				},
				{
					"50tail-latency": 23.0,
					"95tail-latency": 28.0,
					"999tail-latency": 74.0,
					"99tail-latency": 32.0,
					"L1-dcache-load-misses": 49604051.23792356,
					"L1-icache-load-misses": 66840.57082144305,
					"L2_RQSTS/ALL_CODE_RD": 124038.13283644787,
					"L2_RQSTS/ALL_DEMAND_DATA_RD": 36393288.01706259,
					"L2_RQSTS/ALL_DEMAND_MISS": 23079857.691144645,
					"L2_RQSTS/ALL_DEMAND_REFERENCES": 44331702.93728322,
					"L2_RQSTS/CODE_RD_MISS": 110924.88581687743,
					"L2_RQSTS/DEMAND_DATA_RD_MISS": 21428668.88413892,
					"L2_RQSTS/MISS": 25491815.745173708,
					"L2_RQSTS/REFERENCES": 50200987.876583174,
					"L2_TRANS/CODE_RD": 125212.74141391423,
					"L2_TRANS/DEMAND_DATA_RD": 36408170.504928365,
					"LLC_MISS": 8168546.561683125,
					"LLC_REFERENCE": 25507686.36451112,
					"MEM_LOAD_UOPS_RETIRED/L1_MISS": 14754332.10100475,
					"MEM_LOAD_UOPS_RETIRED/L2_MISS": 2011895.3792976285,
					"MEM_LOAD_UOPS_RETIRED/L3_MISS": 7207.241545797442,
					"MEM_UOPS_RETIRED/ALL_LOADS": 1356085549.0307853,
					"contender-L1-dcache-load-misses": 30906195.10091096,
					"contender-L1-icache-load-misses": 3710561.662485825,
					"contender-L2_RQSTS/ALL_CODE_RD": 8886347.052093219,
					"contender-L2_RQSTS/ALL_DEMAND_DATA_RD": 14470509.389256028,
					"contender-L2_RQSTS/ALL_DEMAND_MISS": 17044632.190075133,
					"contender-L2_RQSTS/ALL_DEMAND_REFERENCES": 37919725.785365775,
					"contender-L2_RQSTS/CODE_RD_MISS": 5295633.263562212,
					"contender-L2_RQSTS/DEMAND_DATA_RD_MISS": 6953233.653367942,
					"contender-L2_RQSTS/MISS": 37988407.864239916,
					"contender-L2_RQSTS/REFERENCES": 64207034.091069765,
					"contender-L2_TRANS/CODE_RD": 8430267.912517456,
					"contender-L2_TRANS/DEMAND_DATA_RD": 16554513.823911676,
					"contender-LLC_MISS": 20503618.209961694,
					"contender-LLC_REFERENCE": 37938504.93326322,
					"contender-MEM_LOAD_UOPS_RETIRED/L1_MISS": 11332331.24893476,
					"contender-MEM_LOAD_UOPS_RETIRED/L2_MISS": 5343671.303568182,
					"contender-MEM_LOAD_UOPS_RETIRED/L3_MISS": 1776851.0467134016,
					"contender-MEM_UOPS_RETIRED/ALL_LOADS": 2682090256.986433,
					"contender-cpu-cycles": 7593820846.792065,
					"contender-dTLB-load-misses": 693700.4029628081,
					"contender-iTLB-load-misses": 146558.01467456145,
					"contender-instructions": 10808827721.447975,
					"contender-stalled-cycles": 3877832766.265148,
					"contender_tput": 0.0,
					"cpu-cycles": 2096097768.1414,
					"dTLB-load-misses": 33075.184184890706,
					"iTLB-load-misses": 7966.686746745526,
					"instructions": 4479962590.669515,
					"intel_cqm/local_bytes": 2602.320469307801,
					"mean": 23.64,
					"mite_throughput": 3.9,
					"mite_tput_limit": 3.9,
					"stalled-cycles": 687172505.4411016
				},
				{
					"50tail-latency": 23.0,
					"95tail-latency": 26.0,
					"999tail-latency": 158.0,
					"99tail-latency": 33.0,
					"L1-dcache-load-misses": 50101820.16872452,
					"L1-icache-load-misses": 65713.43909577663,
					"L2_RQSTS/ALL_CODE_RD": 123177.53240981046,
					"L2_RQSTS/ALL_DEMAND_DATA_RD": 37059979.86296898,
					"L2_RQSTS/ALL_DEMAND_MISS": 23896492.311764263,
					"L2_RQSTS/ALL_DEMAND_REFERENCES": 44916792.10158176,
					"L2_RQSTS/CODE_RD_MISS": 112683.8971491155,
					"L2_RQSTS/DEMAND_DATA_RD_MISS": 22166888.275321472,
					"L2_RQSTS/MISS": 26453133.994709864,
					"L2_RQSTS/REFERENCES": 50795178.23211962,
					"L2_TRANS/CODE_RD": 124424.11929239667,
					"L2_TRANS/DEMAND_DATA_RD": 37071491.052959114,
					"LLC_MISS": 8403884.329129746,
					"LLC_REFERENCE": 26432134.496519312,
					"MEM_LOAD_UOPS_RETIRED/L1_MISS": 14976591.850737602,
					"MEM_LOAD_UOPS_RETIRED/L2_MISS": 2239476.925111925,
					"MEM_LOAD_UOPS_RETIRED/L3_MISS": 6988.56028013965,
					"MEM_UOPS_RETIRED/ALL_LOADS": 1318670520.874719,
					"contender-L1-dcache-load-misses": 31697201.008934215,
					"contender-L1-icache-load-misses": 3841534.7798922877,
					"contender-L2_RQSTS/ALL_CODE_RD": 9154366.19875316,
					"contender-L2_RQSTS/ALL_DEMAND_DATA_RD": 13519758.443770692,
					"contender-L2_RQSTS/ALL_DEMAND_MISS": 16741904.778636014,
					"contender-L2_RQSTS/ALL_DEMAND_REFERENCES": 38534812.26927539,
					"contender-L2_RQSTS/CODE_RD_MISS": 5383555.868293724,
					"contender-L2_RQSTS/DEMAND_DATA_RD_MISS": 6430560.802759488,
					"contender-L2_RQSTS/MISS": 39646195.98561611,
					"contender-L2_RQSTS/REFERENCES": 66749236.40543017,
					"contender-L2_TRANS/CODE_RD": 9572532.20407526,
					"contender-L2_TRANS/DEMAND_DATA_RD": 15984143.127924697,
					"contender-LLC_MISS": 21410648.69063522,
					"contender-LLC_REFERENCE": 39491257.439142935,
					"contender-MEM_LOAD_UOPS_RETIRED/L1_MISS": 11210646.693292791,
					"contender-MEM_LOAD_UOPS_RETIRED/L2_MISS": 5083598.993868185,
					"contender-MEM_LOAD_UOPS_RETIRED/L3_MISS": 1639363.449020009,
					"contender-MEM_UOPS_RETIRED/ALL_LOADS": 2729603941.6037965,
					"contender-cpu-cycles": 7491484509.74714,
					"contender-dTLB-load-misses": 682517.9947971642,
					"contender-iTLB-load-misses": 165277.90304066375,
					"contender-instructions": 11130466793.922115,
					"contender-stalled-cycles": 3808867781.3062286,
					"contender_tput": 0.0,
					"cpu-cycles": 2096067810.1069202,
					"dTLB-load-misses": 31918.46961653854,
					"iTLB-load-misses": 11103.605340307786,
					"instructions": 4353574011.473103,
					"intel_cqm/local_bytes": 2589.5214503656794,
					"mean": 23.08,
					"mite_throughput": 4.0,
					"mite_tput_limit": 4.0,
					"stalled-cycles": 714786620.2528106
				},
				{
					"50tail-latency": 23.0,
					"95tail-latency": 28.0,
					"999tail-latency": 130.0,
					"99tail-latency": 34.0,
					"L1-dcache-load-misses": 51821403.67723176,
					"L1-icache-load-misses": 70290.79110355556,
					"L2_RQSTS/ALL_CODE_RD": 128660.86649297268,
					"L2_RQSTS/ALL_DEMAND_DATA_RD": 38022202.60716792,
					"L2_RQSTS/ALL_DEMAND_MISS": 24293398.212912954,
					"L2_RQSTS/ALL_DEMAND_REFERENCES": 46389986.90024841,
					"L2_RQSTS/CODE_RD_MISS": 114494.43743273814,
					"L2_RQSTS/DEMAND_DATA_RD_MISS": 22605544.310552683,
					"L2_RQSTS/MISS": 26795671.4951029,
					"L2_RQSTS/REFERENCES": 52459615.27456856,
					"L2_TRANS/CODE_RD": 128281.67523174483,
					"L2_TRANS/DEMAND_DATA_RD": 38025520.23636145,
					"LLC_MISS": 8618007.957065985,
					"LLC_REFERENCE": 26804821.286308456,
					"MEM_LOAD_UOPS_RETIRED/L1_MISS": 15423962.745293366,
					"MEM_LOAD_UOPS_RETIRED/L2_MISS": 2143097.0559526286,
					"MEM_LOAD_UOPS_RETIRED/L3_MISS": 7153.575400831205,
					"MEM_UOPS_RETIRED/ALL_LOADS": 1307776731.9159548,
					"contender-L1-dcache-load-misses": 30152553.7605829,
					"contender-L1-icache-load-misses": 3733818.865358501,
					"contender-L2_RQSTS/ALL_CODE_RD": 9519135.934857909,
					"contender-L2_RQSTS/ALL_DEMAND_DATA_RD": 13388535.338165179,
					"contender-L2_RQSTS/ALL_DEMAND_MISS": 16759891.783841148,
					"contender-L2_RQSTS/ALL_DEMAND_REFERENCES": 36579908.52297369,
					"contender-L2_RQSTS/CODE_RD_MISS": 5367191.044532393,
					"contender-L2_RQSTS/DEMAND_DATA_RD_MISS": 6751686.208048632,
					"contender-L2_RQSTS/MISS": 36882665.2077149,
					"contender-L2_RQSTS/REFERENCES": 61528835.623720415,
					"contender-L2_TRANS/CODE_RD": 8910872.702687452,
					"contender-L2_TRANS/DEMAND_DATA_RD": 15418878.42181164,
					"contender-LLC_MISS": 20694350.954611436,
					"contender-LLC_REFERENCE": 37275305.788799696,
					"contender-MEM_LOAD_UOPS_RETIRED/L1_MISS": 11016144.743534105,
					"contender-MEM_LOAD_UOPS_RETIRED/L2_MISS": 5297198.480958756,
					"contender-MEM_LOAD_UOPS_RETIRED/L3_MISS": 1823487.8012817355,
					"contender-MEM_UOPS_RETIRED/ALL_LOADS": 2654786640.0263796,
					"contender-cpu-cycles": 7222684517.027411,
					"contender-dTLB-load-misses": 643194.9810623724,
					"contender-iTLB-load-misses": 151502.3062287249,
					"contender-instructions": 10816787354.68935,
					"contender-stalled-cycles": 3625381042.083426,
					"contender_tput": 0.0,
					"cpu-cycles": 2096066101.797084,
					"dTLB-load-misses": 34391.715963787356,
					"iTLB-load-misses": 8125.755024723726,
					"instructions": 4300569369.805852,
					"intel_cqm/local_bytes": 2562.6785583302462,
					"mean": 23.74,
					"mite_throughput": 4.1,
					"mite_tput_limit": 4.1,
					"stalled-cycles": 736458773.5957116
				},
				{
					"50tail-latency": 23.0,
					"95tail-latency": 27.0,
					"999tail-latency": 294.0,
					"99tail-latency": 34.0,
					"L1-dcache-load-misses": 52136691.605827324,
					"L1-icache-load-misses": 67180.35035283741,
					"L2_RQSTS/ALL_CODE_RD": 131056.78005695244,
					"L2_RQSTS/ALL_DEMAND_DATA_RD": 38606947.254140906,
					"L2_RQSTS/ALL_DEMAND_MISS": 24931416.33154328,
					"L2_RQSTS/ALL_DEMAND_REFERENCES": 46704444.85968507,
					"L2_RQSTS/CODE_RD_MISS": 112480.79803836781,
					"L2_RQSTS/DEMAND_DATA_RD_MISS": 23215440.126973722,
					"L2_RQSTS/MISS": 27558261.67756676,
					"L2_RQSTS/REFERENCES": 52841716.44467515,
					"L2_TRANS/CODE_RD": 127703.54755736334,
					"L2_TRANS/DEMAND_DATA_RD": 38596473.241188504,
					"LLC_MISS": 8812048.143298266,
					"LLC_REFERENCE": 27561701.4921924,
					"MEM_LOAD_UOPS_RETIRED/L1_MISS": 15622596.326788988,
					"MEM_LOAD_UOPS_RETIRED/L2_MISS": 2277526.3085139776,
					"MEM_LOAD_UOPS_RETIRED/L3_MISS": 6714.843484914304,
					"MEM_UOPS_RETIRED/ALL_LOADS": 1313192030.1363168,
					"contender-L1-dcache-load-misses": 32650951.6008335,
					"contender-L1-icache-load-misses": 4241386.2874609595,
					"contender-L2_RQSTS/ALL_CODE_RD": 8669977.863721663,
					"contender-L2_RQSTS/ALL_DEMAND_DATA_RD": 13867365.171582816,
					"contender-L2_RQSTS/ALL_DEMAND_MISS": 16332273.955887415,
					"contender-L2_RQSTS/ALL_DEMAND_REFERENCES": 36940549.8397928,
					"contender-L2_RQSTS/CODE_RD_MISS": 5355128.059790714,
					"contender-L2_RQSTS/DEMAND_DATA_RD_MISS": 6879330.569582008,
					"contender-L2_RQSTS/MISS": 37779540.24516367,
					"contender-L2_RQSTS/REFERENCES": 63432652.0579872,
					"contender-L2_TRANS/CODE_RD": 8391330.341051549,
					"contender-L2_TRANS/DEMAND_DATA_RD": 15239012.98566965,
					"contender-LLC_MISS": 18678076.957595244,
					"contender-LLC_REFERENCE": 37770753.37151946,
					"contender-MEM_LOAD_UOPS_RETIRED/L1_MISS": 12174672.632350357,
					"contender-MEM_LOAD_UOPS_RETIRED/L2_MISS": 5394507.662048181,
					"contender-MEM_LOAD_UOPS_RETIRED/L3_MISS": 1488747.5421043579,
					"contender-MEM_UOPS_RETIRED/ALL_LOADS": 2769967016.599689,
					"contender-cpu-cycles": 7551415072.683127,
					"contender-dTLB-load-misses": 712770.6356880947,
					"contender-iTLB-load-misses": 153827.6394419581,
					"contender-instructions": 11221894737.50226,
					"contender-stalled-cycles": 3843523263.4724207,
					"contender_tput": 0.0,
					"cpu-cycles": 2096089651.446966,
					"dTLB-load-misses": 34557.75041550717,
					"iTLB-load-misses": 7433.541732756621,
					"instructions": 4319475914.498826,
					"intel_cqm/local_bytes": 2571.4464340232894,
					"mean": 23.51,
					"mite_throughput": 4.2,
					"mite_tput_limit": 4.2,
					"stalled-cycles": 726017267.8764805
				},
				{
					"50tail-latency": 23.0,
					"95tail-latency": 27.0,
					"999tail-latency": 360.0,
					"99tail-latency": 35.0,
					"L1-dcache-load-misses": 54404908.896984965,
					"L1-icache-load-misses": 72411.5079264733,
					"L2_RQSTS/ALL_CODE_RD": 130829.04377390718,
					"L2_RQSTS/ALL_DEMAND_DATA_RD": 40024720.60733898,
					"L2_RQSTS/ALL_DEMAND_MISS": 25498378.215773392,
					"L2_RQSTS/ALL_DEMAND_REFERENCES": 48706762.98981434,
					"L2_RQSTS/CODE_RD_MISS": 114819.49947495303,
					"L2_RQSTS/DEMAND_DATA_RD_MISS": 23690010.275786985,
					"L2_RQSTS/MISS": 28124898.6830752,
					"L2_RQSTS/REFERENCES": 55145768.521688364,
					"L2_TRANS/CODE_RD": 130571.02378970123,
					"L2_TRANS/DEMAND_DATA_RD": 40093420.19373233,
					"LLC_MISS": 8950801.693764213,
					"LLC_REFERENCE": 28121040.79641311,
					"MEM_LOAD_UOPS_RETIRED/L1_MISS": 16128761.634767704,
					"MEM_LOAD_UOPS_RETIRED/L2_MISS": 2227587.17624304,
					"MEM_LOAD_UOPS_RETIRED/L3_MISS": 6328.61939635356,
					"MEM_UOPS_RETIRED/ALL_LOADS": 1326552127.921346,
					"contender-L1-dcache-load-misses": 31941192.251462553,
					"contender-L1-icache-load-misses": 3762031.2136447406,
					"contender-L2_RQSTS/ALL_CODE_RD": 10088871.722324073,
					"contender-L2_RQSTS/ALL_DEMAND_DATA_RD": 15703465.262341073,
					"contender-L2_RQSTS/ALL_DEMAND_MISS": 17367833.575362705,
					"contender-L2_RQSTS/ALL_DEMAND_REFERENCES": 39033740.973546766,
					"contender-L2_RQSTS/CODE_RD_MISS": 5750844.804213282,
					"contender-L2_RQSTS/DEMAND_DATA_RD_MISS": 7168564.827414361,
					"contender-L2_RQSTS/MISS": 40087951.33994465,
					"contender-L2_RQSTS/REFERENCES": 68357062.00700882,
					"contender-L2_TRANS/CODE_RD": 10040634.061432276,
					"contender-L2_TRANS/DEMAND_DATA_RD": 16769419.581375701,
					"contender-LLC_MISS": 19881605.105042547,
					"contender-LLC_REFERENCE": 40573853.8760486,
					"contender-MEM_LOAD_UOPS_RETIRED/L1_MISS": 12460786.199051324,
					"contender-MEM_LOAD_UOPS_RETIRED/L2_MISS": 5463169.43652696,
					"contender-MEM_LOAD_UOPS_RETIRED/L3_MISS": 1358635.8054418853,
					"contender-MEM_UOPS_RETIRED/ALL_LOADS": 2837587783.7926316,
					"contender-cpu-cycles": 7706732011.728022,
					"contender-dTLB-load-misses": 714684.6941388983,
					"contender-iTLB-load-misses": 170018.96921452534,
					"contender-instructions": 11564600343.701674,
					"contender-stalled-cycles": 3965759088.945427,
					"contender_tput": 0.0,
					"cpu-cycles": 2095938150.95697,
					"dTLB-load-misses": 40902.758165900916,
					"iTLB-load-misses": 8003.498492534557,
					"instructions": 4346970015.7434845,
					"intel_cqm/local_bytes": 2557.757278937947,
					"mean": 24.1,
					"mite_throughput": 4.3,
					"mite_tput_limit": 4.3,
					"stalled-cycles": 718638365.6255009
				},
				{
					"50tail-latency": 23.0,
					"95tail-latency": 27.0,
					"999tail-latency": 352.0,
					"99tail-latency": 36.0,
					"L1-dcache-load-misses": 55192181.06831121,
					"L1-icache-load-misses": 69929.12700302685,
					"L2_RQSTS/ALL_CODE_RD": 132473.75587566802,
					"L2_RQSTS/ALL_DEMAND_DATA_RD": 40658095.604651265,
					"L2_RQSTS/ALL_DEMAND_MISS": 26096035.305540077,
					"L2_RQSTS/ALL_DEMAND_REFERENCES": 49336263.6732096,
					"L2_RQSTS/CODE_RD_MISS": 117369.50991713784,
					"L2_RQSTS/DEMAND_DATA_RD_MISS": 24290559.317599785,
					"L2_RQSTS/MISS": 28806755.860079326,
					"L2_RQSTS/REFERENCES": 55980989.445507035,
					"L2_TRANS/CODE_RD": 131353.0174955264,
					"L2_TRANS/DEMAND_DATA_RD": 40704927.60634367,
					"LLC_MISS": 9190041.674363775,
					"LLC_REFERENCE": 28811107.376120526,
					"MEM_LOAD_UOPS_RETIRED/L1_MISS": 16360921.798535246,
					"MEM_LOAD_UOPS_RETIRED/L2_MISS": 2257278.12963464,
					"MEM_LOAD_UOPS_RETIRED/L3_MISS": 5949.642345635067,
					"MEM_UOPS_RETIRED/ALL_LOADS": 1328948325.9186668,
					"contender-L1-dcache-load-misses": 30735023.204435904,
					"contender-L1-icache-load-misses": 3633849.5154314465,
					"contender-L2_RQSTS/ALL_CODE_RD": 9620094.150367016,
					"contender-L2_RQSTS/ALL_DEMAND_DATA_RD": 14332734.524798144,
					"contender-L2_RQSTS/ALL_DEMAND_MISS": 16338372.188058035,
					"contender-L2_RQSTS/ALL_DEMAND_REFERENCES": 37400779.673355274,
					"contender-L2_RQSTS/CODE_RD_MISS": 5626739.506460431,
					"contender-L2_RQSTS/DEMAND_DATA_RD_MISS": 6622700.5388116455,
					"contender-L2_RQSTS/MISS": 37123723.721050724,
					"contender-L2_RQSTS/REFERENCES": 63250028.3714361,
					"contender-L2_TRANS/CODE_RD": 9234150.140731014,
					"contender-L2_TRANS/DEMAND_DATA_RD": 16284614.864699263,
					"contender-LLC_MISS": 20258423.954550322,
					"contender-LLC_REFERENCE": 37227277.664549746,
					"contender-MEM_LOAD_UOPS_RETIRED/L1_MISS": 11124014.8993915,
					"contender-MEM_LOAD_UOPS_RETIRED/L2_MISS": 5006832.032148751,
					"contender-MEM_LOAD_UOPS_RETIRED/L3_MISS": 1565179.7807102983,
					"contender-MEM_UOPS_RETIRED/ALL_LOADS": 2755182742.43591,
					"contender-cpu-cycles": 7605076256.463459,
					"contender-dTLB-load-misses": 695029.6537253421,
					"contender-iTLB-load-misses": 163976.51325776606,
					"contender-instructions": 11144041185.455763,
					"contender-stalled-cycles": 3928129275.482858,
					"contender_tput": 0.0,
					"cpu-cycles": 2096056636.5844636,
					"dTLB-load-misses": 38719.04515102345,
					"iTLB-load-misses": 7926.817380893553,
					"instructions": 4353180055.70491,
					"intel_cqm/local_bytes": 2754.035154306247,
					"mean": 23.99,
					"mite_throughput": 4.4,
					"mite_tput_limit": 4.4,
					"stalled-cycles": 717691103.7413144
				},
				{
					"50tail-latency": 24.0,
					"95tail-latency": 28.0,
					"999tail-latency": 392.0,
					"99tail-latency": 37.0,
					"L1-dcache-load-misses": 56747230.95143226,
					"L1-icache-load-misses": 69192.6828597458,
					"L2_RQSTS/ALL_CODE_RD": 130296.01012276481,
					"L2_RQSTS/ALL_DEMAND_DATA_RD": 41743120.235163465,
					"L2_RQSTS/ALL_DEMAND_MISS": 26532361.257210612,
					"L2_RQSTS/ALL_DEMAND_REFERENCES": 50918744.25895073,
					"L2_RQSTS/CODE_RD_MISS": 118403.82267549762,
					"L2_RQSTS/DEMAND_DATA_RD_MISS": 24760999.41651712,
					"L2_RQSTS/MISS": 29182727.30566356,
					"L2_RQSTS/REFERENCES": 57561943.1269359,
					"L2_TRANS/CODE_RD": 132743.84134693423,
					"L2_TRANS/DEMAND_DATA_RD": 41763765.52129366,
					"LLC_MISS": 9353471.364953652,
					"LLC_REFERENCE": 29167571.723553374,
					"MEM_LOAD_UOPS_RETIRED/L1_MISS": 16769093.939736906,
					"MEM_LOAD_UOPS_RETIRED/L2_MISS": 2179284.873453714,
					"MEM_LOAD_UOPS_RETIRED/L3_MISS": 5001.939348394243,
					"MEM_UOPS_RETIRED/ALL_LOADS": 1342400847.2833536,
					"contender-L1-dcache-load-misses": 31958882.77792685,
					"contender-L1-icache-load-misses": 3549614.3805424795,
					"contender-L2_RQSTS/ALL_CODE_RD": 10410185.99166186,
					"contender-L2_RQSTS/ALL_DEMAND_DATA_RD": 13363508.53210676,
					"contender-L2_RQSTS/ALL_DEMAND_MISS": 17632128.925571263,
					"contender-L2_RQSTS/ALL_DEMAND_REFERENCES": 40666929.11616462,
					"contender-L2_RQSTS/CODE_RD_MISS": 5895220.042173237,
					"contender-L2_RQSTS/DEMAND_DATA_RD_MISS": 6260640.805388899,
					"contender-L2_RQSTS/MISS": 39540951.574427284,
					"contender-L2_RQSTS/REFERENCES": 65982254.9932791,
					"contender-L2_TRANS/CODE_RD": 10748157.83678632,
					"contender-L2_TRANS/DEMAND_DATA_RD": 16045592.935310932,
					"contender-LLC_MISS": 21627918.381464068,
					"contender-LLC_REFERENCE": 38784255.56199939,
					"contender-MEM_LOAD_UOPS_RETIRED/L1_MISS": 10794268.254183378,
					"contender-MEM_LOAD_UOPS_RETIRED/L2_MISS": 4950718.844190389,
					"contender-MEM_LOAD_UOPS_RETIRED/L3_MISS": 1506591.165566381,
					"contender-MEM_UOPS_RETIRED/ALL_LOADS": 2947551244.136951,
					"contender-cpu-cycles": 8126264151.592404,
					"contender-dTLB-load-misses": 667410.3888048014,
					"contender-iTLB-load-misses": 150002.9525483283,
					"contender-instructions": 12044199432.186148,
					"contender-stalled-cycles": 4046633371.2112737,
					"contender_tput": 0.0,
					"cpu-cycles": 2095949202.0517955,
					"dTLB-load-misses": 44334.05028715802,
					"iTLB-load-misses": 7884.589156537659,
					"instructions": 4389747854.771324,
					"intel_cqm/local_bytes": 2836.0036134743364,
					"mean": 24.96,
					"mite_throughput": 4.5,
					"mite_tput_limit": 4.5,
					"stalled-cycles": 711093379.2403884
				},
				{
					"50tail-latency": 25.0,
					"95tail-latency": 30.0,
					"999tail-latency": 382.0,
					"99tail-latency": 38.0,
					"L1-dcache-load-misses": 58876747.96476963,
					"L1-icache-load-misses": 66355.58861206303,
					"L2_RQSTS/ALL_CODE_RD": 125373.75452006128,
					"L2_RQSTS/ALL_DEMAND_DATA_RD": 43274188.49551183,
					"L2_RQSTS/ALL_DEMAND_MISS": 27074184.138092574,
					"L2_RQSTS/ALL_DEMAND_REFERENCES": 53146602.79915322,
					"L2_RQSTS/CODE_RD_MISS": 112346.98454671162,
					"L2_RQSTS/DEMAND_DATA_RD_MISS": 25283209.42462757,
					"L2_RQSTS/MISS": 29698019.267547835,
					"L2_RQSTS/REFERENCES": 59741463.65147696,
					"L2_TRANS/CODE_RD": 124666.75596032431,
					"L2_TRANS/DEMAND_DATA_RD": 43328731.806265205,
					"LLC_MISS": 9476567.76542043,
					"LLC_REFERENCE": 29720804.752500247,
					"MEM_LOAD_UOPS_RETIRED/L1_MISS": 17438841.89886452,
					"MEM_LOAD_UOPS_RETIRED/L2_MISS": 1994848.599893353,
					"MEM_LOAD_UOPS_RETIRED/L3_MISS": 4623.3368624130435,
					"MEM_UOPS_RETIRED/ALL_LOADS": 1358454174.117285,
					"contender-L1-dcache-load-misses": 30394805.556893684,
					"contender-L1-icache-load-misses": 3884085.735770786,
					"contender-L2_RQSTS/ALL_CODE_RD": 13561085.92628654,
					"contender-L2_RQSTS/ALL_DEMAND_DATA_RD": 14318481.253125371,
					"contender-L2_RQSTS/ALL_DEMAND_MISS": 17271802.703522284,
					"contender-L2_RQSTS/ALL_DEMAND_REFERENCES": 42934044.580507606,
					"contender-L2_RQSTS/CODE_RD_MISS": 5601853.353518508,
					"contender-L2_RQSTS/DEMAND_DATA_RD_MISS": 6708092.843446852,
					"contender-L2_RQSTS/MISS": 37679472.142055914,
					"contender-L2_RQSTS/REFERENCES": 68506863.68296961,
					"contender-L2_TRANS/CODE_RD": 13754578.427285876,
					"contender-L2_TRANS/DEMAND_DATA_RD": 15857911.328178346,
					"contender-LLC_MISS": 19601219.010352436,
					"contender-LLC_REFERENCE": 37695447.845381655,
					"contender-MEM_LOAD_UOPS_RETIRED/L1_MISS": 11122502.664258238,
					"contender-MEM_LOAD_UOPS_RETIRED/L2_MISS": 5133091.892392702,
					"contender-MEM_LOAD_UOPS_RETIRED/L3_MISS": 1596901.1055583903,
					"contender-MEM_UOPS_RETIRED/ALL_LOADS": 2645179031.497454,
					"contender-cpu-cycles": 7384915256.947468,
					"contender-dTLB-load-misses": 651642.5467778344,
					"contender-iTLB-load-misses": 148225.43076363928,
					"contender-instructions": 10807693129.958073,
					"contender-stalled-cycles": 3750481517.6969686,
					"contender_tput": 0.0,
					"cpu-cycles": 2096028217.0757499,
					"dTLB-load-misses": 40043.477548127565,
					"iTLB-load-misses": 7865.482115816185,
					"instructions": 4430237273.606301,
					"intel_cqm/local_bytes": 2519.77345216576,
					"mean": 25.73,
					"mite_throughput": 4.6,
					"mite_tput_limit": 4.6,
					"stalled-cycles": 707360403.1949035
				}
			]
		},
		"basealloc": {
			"description": "Basealloc",
			"samples": []
		},
		"baseline": {
			"description": "Baseline",
			"samples": [
				{
					"50tail-latency": 22.0,
					"95tail-latency": 26.0,
					"999tail-latency": 37.0,
					"99tail-latency": 29.0,
					"L1-dcache-load-misses": 44971956.589313895,
					"L1-icache-load-misses": 65200.7310215756,
					"L2_RQSTS/ALL_CODE_RD": 122513.65930316536,
					"L2_RQSTS/ALL_DEMAND_DATA_RD": 32969466.762835458,
					"L2_RQSTS/ALL_DEMAND_MISS": 21348507.45929342,
					"L2_RQSTS/ALL_DEMAND_REFERENCES": 40166657.835700184,
					"L2_RQSTS/CODE_RD_MISS": 110322.47024858235,
					"L2_RQSTS/DEMAND_DATA_RD_MISS": 19784251.980513852,
					"L2_RQSTS/MISS": 23614508.18274279,
					"L2_RQSTS/REFERENCES": 45570469.48709189,
					"L2_TRANS/CODE_RD": 122126.33530417495,
					"L2_TRANS/DEMAND_DATA_RD": 32976983.27723519,
					"LLC_MISS": 6370894.413708214,
					"LLC_REFERENCE": 23643506.634940863,
					"MEM_LOAD_UOPS_RETIRED/L1_MISS": 13440319.581197223,
					"MEM_LOAD_UOPS_RETIRED/L2_MISS": 2095429.921118251,
					"MEM_LOAD_UOPS_RETIRED/L3_MISS": 4549.099850373299,
					"MEM_UOPS_RETIRED/ALL_LOADS": 1366885825.6870995,
					"contender-L1-dcache-load-misses": 638581.9811287356,
					"contender-L1-icache-load-misses": 1317570.3395633078,
					"contender-L2_RQSTS/ALL_CODE_RD": 3061972.9071107386,
					"contender-L2_RQSTS/ALL_DEMAND_DATA_RD": 577800.6413146876,
					"contender-L2_RQSTS/ALL_DEMAND_MISS": 3310953.220017255,
					"contender-L2_RQSTS/ALL_DEMAND_REFERENCES": 3915773.219481461,
					"contender-L2_RQSTS/CODE_RD_MISS": 2549388.68420427,
					"contender-L2_RQSTS/DEMAND_DATA_RD_MISS": 462681.76774212025,
					"contender-L2_RQSTS/MISS": 3725253.4671284566,
					"contender-L2_RQSTS/REFERENCES": 4303493.400695957,
					"contender-L2_TRANS/CODE_RD": 3105886.3541518333,
					"contender-L2_TRANS/DEMAND_DATA_RD": 598371.5144487616,
					"contender-LLC_MISS": 10403.478094623348,
					"contender-LLC_REFERENCE": 3709005.2564124516,
					"contender-MEM_LOAD_UOPS_RETIRED/L1_MISS": 398513.3455014655,
					"contender-MEM_LOAD_UOPS_RETIRED/L2_MISS": 333430.9058548503,
					"contender-MEM_LOAD_UOPS_RETIRED/L3_MISS": 2376.230235332499,
					"contender-MEM_UOPS_RETIRED/ALL_LOADS": 7304015.225607279,
					"contender-cpu-cycles": 185715002.2490824,
					"contender-dTLB-load-misses": 124978.0932327048,
					"contender-iTLB-load-misses": 47089.62799939016,
					"contender-instructions": 17328412.61893794,
					"contender-stalled-cycles": 152306850.1505611,
					"contender_tput": 0.0,
					"cpu-cycles": 2096242526.3078692,
					"dTLB-load-misses": 24422.18712411367,
					"iTLB-load-misses": 6597.575757618394,
					"instructions": 4543593959.004234,
					"intel_cqm/local_bytes": 465.73210345213965,
					"mean": 22.29,
					"mite_throughput": 3.6,
					"mite_tput_limit": 3.6,
					"stalled-cycles": 668197391.7899635
				},
				{
					"50tail-latency": 23.0,
					"95tail-latency": 28.0,
					"999tail-latency": 37.0,
					"99tail-latency": 30.0,
					"L1-dcache-load-misses": 46465037.88411313,
					"L1-icache-load-misses": 64714.635212380526,
					"L2_RQSTS/ALL_CODE_RD": 119936.00000000387,
					"L2_RQSTS/ALL_DEMAND_DATA_RD": 34078512.96738308,
					"L2_RQSTS/ALL_DEMAND_MISS": 21761493.93702151,
					"L2_RQSTS/ALL_DEMAND_REFERENCES": 41492873.53549466,
					"L2_RQSTS/CODE_RD_MISS": 107480.42170084643,
					"L2_RQSTS/DEMAND_DATA_RD_MISS": 20195380.370990597,
					"L2_RQSTS/MISS": 24066444.639122132,
					"L2_RQSTS/REFERENCES": 47046263.660759605,
					"L2_TRANS/CODE_RD": 120241.3689927865,
					"L2_TRANS/DEMAND_DATA_RD": 34084699.827669285,
					"LLC_MISS": 6492194.618926237,
					"LLC_REFERENCE": 24090841.572930995,
					"MEM_LOAD_UOPS_RETIRED/L1_MISS": 13816587.549123047,
					"MEM_LOAD_UOPS_RETIRED/L2_MISS": 1924246.8593020241,
					"MEM_LOAD_UOPS_RETIRED/L3_MISS": 4779.773509631764,
					"MEM_UOPS_RETIRED/ALL_LOADS": 1383265311.1619213,
					"contender-L1-dcache-load-misses": 636940.029126076,
					"contender-L1-icache-load-misses": 1320105.567769127,
					"contender-L2_RQSTS/ALL_CODE_RD": 3053187.470381602,
					"contender-L2_RQSTS/ALL_DEMAND_DATA_RD": 577745.7784614585,
					"contender-L2_RQSTS/ALL_DEMAND_MISS": 3310945.837932735,
					"contender-L2_RQSTS/ALL_DEMAND_REFERENCES": 3937071.8799043233,
					"contender-L2_RQSTS/CODE_RD_MISS": 2548591.821897599,
					"contender-L2_RQSTS/DEMAND_DATA_RD_MISS": 462882.2773823262,
					"contender-L2_RQSTS/MISS": 3722625.471280277,
					"contender-L2_RQSTS/REFERENCES": 4300691.700180287,
					"contender-L2_TRANS/CODE_RD": 3101094.152267381,
					"contender-L2_TRANS/DEMAND_DATA_RD": 601902.166238717,
					"contender-LLC_MISS": 12272.571920084156,
					"contender-LLC_REFERENCE": 3716926.850087795,
					"contender-MEM_LOAD_UOPS_RETIRED/L1_MISS": 398700.91361278883,
					"contender-MEM_LOAD_UOPS_RETIRED/L2_MISS": 333111.64539792354,
					"contender-MEM_LOAD_UOPS_RETIRED/L3_MISS": 1664.5010115844468,
					"contender-MEM_UOPS_RETIRED/ALL_LOADS": 7476877.703425791,
					"contender-cpu-cycles": 184713737.0565624,
					"contender-dTLB-load-misses": 124840.08944312825,
					"contender-iTLB-load-misses": 47270.36903886568,
					"contender-instructions": 17040231.22811842,
					"contender-stalled-cycles": 151526118.50914374,
					"contender_tput": 0.0,
					"cpu-cycles": 2096269149.547316,
					"dTLB-load-misses": 25661.655371472923,
					"iTLB-load-misses": 6900.927374111465,
					"instructions": 4584569683.650386,
					"intel_cqm/local_bytes": 483.2098936097084,
					"mean": 23.24,
					"mite_throughput": 3.7,
					"mite_tput_limit": 3.7,
					"stalled-cycles": 662936452.0281526
				},
				{
					"50tail-latency": 22.0,
					"95tail-latency": 26.0,
					"999tail-latency": 37.0,
					"99tail-latency": 29.0,
					"L1-dcache-load-misses": 47575576.775963366,
					"L1-icache-load-misses": 66460.29991301827,
					"L2_RQSTS/ALL_CODE_RD": 123213.09285014562,
					"L2_RQSTS/ALL_DEMAND_DATA_RD": 34980031.93308477,
					"L2_RQSTS/ALL_DEMAND_MISS": 22553026.63447974,
					"L2_RQSTS/ALL_DEMAND_REFERENCES": 42558154.39575885,
					"L2_RQSTS/CODE_RD_MISS": 109443.94324790064,
					"L2_RQSTS/DEMAND_DATA_RD_MISS": 20917531.738154553,
					"L2_RQSTS/MISS": 24889743.742990326,
					"L2_RQSTS/REFERENCES": 48145351.89138442,
					"L2_TRANS/CODE_RD": 123167.50014093451,
					"L2_TRANS/DEMAND_DATA_RD": 34990290.277515225,
					"LLC_MISS": 6699698.242885495,
					"LLC_REFERENCE": 24914529.611399684,
					"MEM_LOAD_UOPS_RETIRED/L1_MISS": 14229714.370806389,
					"MEM_LOAD_UOPS_RETIRED/L2_MISS": 2157923.6110007563,
					"MEM_LOAD_UOPS_RETIRED/L3_MISS": 4478.66979486394,
					"MEM_UOPS_RETIRED/ALL_LOADS": 1320582935.556475,
					"contender-L1-dcache-load-misses": 638568.4265169705,
					"contender-L1-icache-load-misses": 1318910.268111202,
					"contender-L2_RQSTS/ALL_CODE_RD": 3052140.154970069,
					"contender-L2_RQSTS/ALL_DEMAND_DATA_RD": 579425.9002818003,
					"contender-L2_RQSTS/ALL_DEMAND_MISS": 3316097.6231718934,
					"contender-L2_RQSTS/ALL_DEMAND_REFERENCES": 3921251.439292763,
					"contender-L2_RQSTS/CODE_RD_MISS": 2551825.1004837505,
					"contender-L2_RQSTS/DEMAND_DATA_RD_MISS": 465165.07443500403,
					"contender-L2_RQSTS/MISS": 3729309.5253329296,
					"contender-L2_RQSTS/REFERENCES": 4308516.25959908,
					"contender-L2_TRANS/CODE_RD": 3101787.798879877,
					"contender-L2_TRANS/DEMAND_DATA_RD": 601477.0843773277,
					"contender-LLC_MISS": 11406.202588690496,
					"contender-LLC_REFERENCE": 3718019.007997767,
					"contender-MEM_LOAD_UOPS_RETIRED/L1_MISS": 403835.09753292723,
					"contender-MEM_LOAD_UOPS_RETIRED/L2_MISS": 337923.5151876248,
					"contender-MEM_LOAD_UOPS_RETIRED/L3_MISS": 2726.9164427499504,
					"contender-MEM_UOPS_RETIRED/ALL_LOADS": 7409972.6595969265,
					"contender-cpu-cycles": 185655996.83901092,
					"contender-dTLB-load-misses": 128133.09280198967,
					"contender-iTLB-load-misses": 47143.19444936629,
					"contender-instructions": 17401447.775560744,
					"contender-stalled-cycles": 152105525.89315572,
					"contender_tput": 0.0,
					"cpu-cycles": 2096242579.1867046,
					"dTLB-load-misses": 28112.909675809577,
					"iTLB-load-misses": 6933.317056502958,
					"instructions": 4372580223.887046,
					"intel_cqm/local_bytes": 492.8481005046663,
					"mean": 22.54,
					"mite_throughput": 3.8,
					"mite_tput_limit": 3.8,
					"stalled-cycles": 718706975.693166
				},
				{
					"50tail-latency": 23.0,
					"95tail-latency": 28.0,
					"999tail-latency": 38.0,
					"99tail-latency": 30.0,
					"L1-dcache-load-misses": 49243198.4110731,
					"L1-icache-load-misses": 66414.77183069811,
					"L2_RQSTS/ALL_CODE_RD": 122324.90914603103,
					"L2_RQSTS/ALL_DEMAND_DATA_RD": 35975095.63675464,
					"L2_RQSTS/ALL_DEMAND_MISS": 23003340.912926417,
					"L2_RQSTS/ALL_DEMAND_REFERENCES": 44007872.22990072,
					"L2_RQSTS/CODE_RD_MISS": 111220.28495439493,
					"L2_RQSTS/DEMAND_DATA_RD_MISS": 21388100.671051208,
					"L2_RQSTS/MISS": 25306504.569402494,
					"L2_RQSTS/REFERENCES": 49828931.97286006,
					"L2_TRANS/CODE_RD": 123203.9218831904,
					"L2_TRANS/DEMAND_DATA_RD": 35991837.71694351,
					"LLC_MISS": 6807616.314098201,
					"LLC_REFERENCE": 25332847.77148828,
					"MEM_LOAD_UOPS_RETIRED/L1_MISS": 14518688.08530273,
					"MEM_LOAD_UOPS_RETIRED/L2_MISS": 2027487.8880832524,
					"MEM_LOAD_UOPS_RETIRED/L3_MISS": 4056.7593917516883,
					"MEM_UOPS_RETIRED/ALL_LOADS": 1367568394.1916633,
					"contender-L1-dcache-load-misses": 637126.2420045872,
					"contender-L1-icache-load-misses": 1320191.260492236,
					"contender-L2_RQSTS/ALL_CODE_RD": 3048622.422705419,
					"contender-L2_RQSTS/ALL_DEMAND_DATA_RD": 571082.5419235028,
					"contender-L2_RQSTS/ALL_DEMAND_MISS": 3314329.4498453694,
					"contender-L2_RQSTS/ALL_DEMAND_REFERENCES": 3940588.207733025,
					"contender-L2_RQSTS/CODE_RD_MISS": 2550948.672185141,
					"contender-L2_RQSTS/DEMAND_DATA_RD_MISS": 456351.172621869,
					"contender-L2_RQSTS/MISS": 3728062.4581393655,
					"contender-L2_RQSTS/REFERENCES": 4304706.064279444,
					"contender-L2_TRANS/CODE_RD": 3093685.1542984983,
					"contender-L2_TRANS/DEMAND_DATA_RD": 597571.1230947388,
					"contender-LLC_MISS": 9545.989592976948,
					"contender-LLC_REFERENCE": 3717187.6603990328,
					"contender-MEM_LOAD_UOPS_RETIRED/L1_MISS": 401179.3932864049,
					"contender-MEM_LOAD_UOPS_RETIRED/L2_MISS": 337243.8035099286,
					"contender-MEM_LOAD_UOPS_RETIRED/L3_MISS": 2016.833861831917,
					"contender-MEM_UOPS_RETIRED/ALL_LOADS": 7518304.585329652,
					"contender-cpu-cycles": 186456320.31082702,
					"contender-dTLB-load-misses": 130830.88029248589,
					"contender-iTLB-load-misses": 47857.792524665565,
					"contender-instructions": 16896161.289942387,
					"contender-stalled-cycles": 153497600.72551996,
					"contender_tput": 0.0,
					"cpu-cycles": 2096187954.1625726,
					"dTLB-load-misses": 31624.07730151013,
					"iTLB-load-misses": 8363.332777020374,
					"instructions": 4521061541.465647,
					"intel_cqm/local_bytes": 498.3881719456405,
					"mean": 23.36,
					"mite_throughput": 3.9,
					"mite_tput_limit": 3.9,
					"stalled-cycles": 677302898.2363005
				},
				{
					"50tail-latency": 23.0,
					"95tail-latency": 26.0,
					"999tail-latency": 38.0,
					"99tail-latency": 29.0,
					"L1-dcache-load-misses": 49936724.80771836,
					"L1-icache-load-misses": 65871.7709795921,
					"L2_RQSTS/ALL_CODE_RD": 125557.3036641677,
					"L2_RQSTS/ALL_DEMAND_DATA_RD": 36690038.33662339,
					"L2_RQSTS/ALL_DEMAND_MISS": 23658644.7537638,
					"L2_RQSTS/ALL_DEMAND_REFERENCES": 44640568.50507972,
					"L2_RQSTS/CODE_RD_MISS": 112242.9380350864,
					"L2_RQSTS/DEMAND_DATA_RD_MISS": 21966288.86072959,
					"L2_RQSTS/MISS": 26080924.843908537,
					"L2_RQSTS/REFERENCES": 50571561.09385013,
					"L2_TRANS/CODE_RD": 125568.97809746952,
					"L2_TRANS/DEMAND_DATA_RD": 36702211.51504077,
					"LLC_MISS": 7052001.54945235,
					"LLC_REFERENCE": 26107222.527001616,
					"MEM_LOAD_UOPS_RETIRED/L1_MISS": 14928279.853973405,
					"MEM_LOAD_UOPS_RETIRED/L2_MISS": 2245627.8953833957,
					"MEM_LOAD_UOPS_RETIRED/L3_MISS": 4087.217584772764,
					"MEM_UOPS_RETIRED/ALL_LOADS": 1333094300.0332444,
					"contender-L1-dcache-load-misses": 634620.8315125059,
					"contender-L1-icache-load-misses": 1325707.701957232,
					"contender-L2_RQSTS/ALL_CODE_RD": 3045710.984908419,
					"contender-L2_RQSTS/ALL_DEMAND_DATA_RD": 571760.473789246,
					"contender-L2_RQSTS/ALL_DEMAND_MISS": 3324532.111417083,
					"contender-L2_RQSTS/ALL_DEMAND_REFERENCES": 3955950.6201336076,
					"contender-L2_RQSTS/CODE_RD_MISS": 2559866.2695682184,
					"contender-L2_RQSTS/DEMAND_DATA_RD_MISS": 460453.7162830203,
					"contender-L2_RQSTS/MISS": 3727620.312293917,
					"contender-L2_RQSTS/REFERENCES": 4308677.329623998,
					"contender-L2_TRANS/CODE_RD": 3096312.460851802,
					"contender-L2_TRANS/DEMAND_DATA_RD": 605432.704096488,
					"contender-LLC_MISS": 9750.180826554193,
					"contender-LLC_REFERENCE": 3719909.4626625925,
					"contender-MEM_LOAD_UOPS_RETIRED/L1_MISS": 409680.3339307199,
					"contender-MEM_LOAD_UOPS_RETIRED/L2_MISS": 344258.99014623696,
					"contender-MEM_LOAD_UOPS_RETIRED/L3_MISS": 1982.1249578571583,
					"contender-MEM_UOPS_RETIRED/ALL_LOADS": 7537443.731543659,
					"contender-cpu-cycles": 185482570.80631226,
					"contender-dTLB-load-misses": 130982.44764597721,
					"contender-iTLB-load-misses": 54881.041551803995,
					"contender-instructions": 16913487.755596515,
					"contender-stalled-cycles": 153249425.17928022,
					"contender_tput": 0.0,
					"cpu-cycles": 2096234381.4242146,
					"dTLB-load-misses": 31550.49669174173,
					"iTLB-load-misses": 7567.712902398263,
					"instructions": 4402493048.760469,
					"intel_cqm/local_bytes": 523.3624634451327,
					"mean": 22.62,
					"mite_throughput": 4.0,
					"mite_tput_limit": 4.0,
					"stalled-cycles": 699075972.3502762
				},
				{
					"50tail-latency": 23.0,
					"95tail-latency": 27.0,
					"999tail-latency": 39.0,
					"99tail-latency": 30.0,
					"L1-dcache-load-misses": 51464593.56432537,
					"L1-icache-load-misses": 65220.67431852763,
					"L2_RQSTS/ALL_CODE_RD": 121484.0803375672,
					"L2_RQSTS/ALL_DEMAND_DATA_RD": 37900606.49842468,
					"L2_RQSTS/ALL_DEMAND_MISS": 24159888.080708224,
					"L2_RQSTS/ALL_DEMAND_REFERENCES": 46127387.007258885,
					"L2_RQSTS/CODE_RD_MISS": 110954.57221540832,
					"L2_RQSTS/DEMAND_DATA_RD_MISS": 22446209.967578642,
					"L2_RQSTS/MISS": 26584151.07548397,
					"L2_RQSTS/REFERENCES": 52097210.50488584,
					"L2_TRANS/CODE_RD": 123025.02163555453,
					"L2_TRANS/DEMAND_DATA_RD": 37914139.680686116,
					"LLC_MISS": 7179237.224646134,
					"LLC_REFERENCE": 26605981.380045563,
					"MEM_LOAD_UOPS_RETIRED/L1_MISS": 15371819.302818997,
					"MEM_LOAD_UOPS_RETIRED/L2_MISS": 2127347.1555000264,
					"MEM_LOAD_UOPS_RETIRED/L3_MISS": 3897.6429824275906,
					"MEM_UOPS_RETIRED/ALL_LOADS": 1347302054.1948278,
					"contender-L1-dcache-load-misses": 634804.3697691228,
					"contender-L1-icache-load-misses": 1321900.6095896347,
					"contender-L2_RQSTS/ALL_CODE_RD": 3055545.319000649,
					"contender-L2_RQSTS/ALL_DEMAND_DATA_RD": 578011.8718054821,
					"contender-L2_RQSTS/ALL_DEMAND_MISS": 3315158.071443274,
					"contender-L2_RQSTS/ALL_DEMAND_REFERENCES": 3938713.3547206162,
					"contender-L2_RQSTS/CODE_RD_MISS": 2556166.8188400054,
					"contender-L2_RQSTS/DEMAND_DATA_RD_MISS": 463645.36670743924,
					"contender-L2_RQSTS/MISS": 3724316.567888079,
					"contender-L2_RQSTS/REFERENCES": 4303839.006129181,
					"contender-L2_TRANS/CODE_RD": 3109749.639446837,
					"contender-L2_TRANS/DEMAND_DATA_RD": 603006.1286310611,
					"contender-LLC_MISS": 11313.13717364405,
					"contender-LLC_REFERENCE": 3720525.0400778735,
					"contender-MEM_LOAD_UOPS_RETIRED/L1_MISS": 400974.77262136,
					"contender-MEM_LOAD_UOPS_RETIRED/L2_MISS": 335115.5448028675,
					"contender-MEM_LOAD_UOPS_RETIRED/L3_MISS": 2621.3536507769813,
					"contender-MEM_UOPS_RETIRED/ALL_LOADS": 7482661.597429487,
					"contender-cpu-cycles": 186610189.88112593,
					"contender-dTLB-load-misses": 128104.01357722563,
					"contender-iTLB-load-misses": 47128.79455501692,
					"contender-instructions": 16981575.320903648,
					"contender-stalled-cycles": 153363597.0060396,
					"contender_tput": 0.0,
					"cpu-cycles": 2096225311.4274952,
					"dTLB-load-misses": 34946.657704747144,
					"iTLB-load-misses": 8374.134538440265,
					"instructions": 4438648761.705125,
					"intel_cqm/local_bytes": 526.3509791834651,
					"mean": 23.29,
					"mite_throughput": 4.1,
					"mite_tput_limit": 4.1,
					"stalled-cycles": 693568248.1012595
				},
				{
					"50tail-latency": 23.0,
					"95tail-latency": 26.0,
					"999tail-latency": 40.0,
					"99tail-latency": 31.0,
					"L1-dcache-load-misses": 52166683.082270935,
					"L1-icache-load-misses": 68162.00083997344,
					"L2_RQSTS/ALL_CODE_RD": 126298.99161494215,
					"L2_RQSTS/ALL_DEMAND_DATA_RD": 38566482.57957425,
					"L2_RQSTS/ALL_DEMAND_MISS": 24760831.08134112,
					"L2_RQSTS/ALL_DEMAND_REFERENCES": 46761306.51333735,
					"L2_RQSTS/CODE_RD_MISS": 112678.93209198852,
					"L2_RQSTS/DEMAND_DATA_RD_MISS": 23035185.067796994,
					"L2_RQSTS/MISS": 27256713.15545942,
					"L2_RQSTS/REFERENCES": 52831796.925249055,
					"L2_TRANS/CODE_RD": 126003.83064097237,
					"L2_TRANS/DEMAND_DATA_RD": 38580180.877272576,
					"LLC_MISS": 7378411.889844627,
					"LLC_REFERENCE": 27278864.74958518,
					"MEM_LOAD_UOPS_RETIRED/L1_MISS": 15635929.889045602,
					"MEM_LOAD_UOPS_RETIRED/L2_MISS": 2281361.900686442,
					"MEM_LOAD_UOPS_RETIRED/L3_MISS": 3895.282966996889,
					"MEM_UOPS_RETIRED/ALL_LOADS": 1327560722.7792406,
					"contender-L1-dcache-load-misses": 637020.5386739539,
					"contender-L1-icache-load-misses": 1326894.3490245424,
					"contender-L2_RQSTS/ALL_CODE_RD": 3059498.5179253784,
					"contender-L2_RQSTS/ALL_DEMAND_DATA_RD": 579910.0775798607,
					"contender-L2_RQSTS/ALL_DEMAND_MISS": 3312667.4263347387,
					"contender-L2_RQSTS/ALL_DEMAND_REFERENCES": 3928957.089536019,
					"contender-L2_RQSTS/CODE_RD_MISS": 2550492.517371719,
					"contender-L2_RQSTS/DEMAND_DATA_RD_MISS": 466947.5983479472,
					"contender-L2_RQSTS/MISS": 3725642.782051586,
					"contender-L2_RQSTS/REFERENCES": 4308692.3802974755,
					"contender-L2_TRANS/CODE_RD": 3105727.3767696596,
					"contender-L2_TRANS/DEMAND_DATA_RD": 603306.9563544841,
					"contender-LLC_MISS": 11047.996542273364,
					"contender-LLC_REFERENCE": 3727463.0044822986,
					"contender-MEM_LOAD_UOPS_RETIRED/L1_MISS": 405495.10779447504,
					"contender-MEM_LOAD_UOPS_RETIRED/L2_MISS": 339443.1149861906,
					"contender-MEM_LOAD_UOPS_RETIRED/L3_MISS": 3110.6299289261306,
					"contender-MEM_UOPS_RETIRED/ALL_LOADS": 7484842.24609882,
					"contender-cpu-cycles": 187240270.1299261,
					"contender-dTLB-load-misses": 128506.18033359248,
					"contender-iTLB-load-misses": 48574.883605117604,
					"contender-instructions": 17231792.609342396,
					"contender-stalled-cycles": 154228474.88584024,
					"contender_tput": 0.0,
					"cpu-cycles": 2096247925.029577,
					"dTLB-load-misses": 29713.744562278414,
					"iTLB-load-misses": 7275.847471563457,
					"instructions": 4372708250.681223,
					"intel_cqm/local_bytes": 535.5794649955005,
					"mean": 22.83,
					"mite_throughput": 4.2,
					"mite_tput_limit": 4.2,
					"stalled-cycles": 709127313.5854996
				},
				{
					"50tail-latency": 23.0,
					"95tail-latency": 27.0,
					"999tail-latency": 41.0,
					"99tail-latency": 31.0,
					"L1-dcache-load-misses": 53760366.61872085,
					"L1-icache-load-misses": 69627.91682030018,
					"L2_RQSTS/ALL_CODE_RD": 129344.93324147275,
					"L2_RQSTS/ALL_DEMAND_DATA_RD": 39457761.87206482,
					"L2_RQSTS/ALL_DEMAND_MISS": 25276220.978757035,
					"L2_RQSTS/ALL_DEMAND_REFERENCES": 48094322.32528163,
					"L2_RQSTS/CODE_RD_MISS": 117559.07907091464,
					"L2_RQSTS/DEMAND_DATA_RD_MISS": 23540550.917323995,
					"L2_RQSTS/MISS": 27787893.803006988,
					"L2_RQSTS/REFERENCES": 54440263.25626389,
					"L2_TRANS/CODE_RD": 129687.39905571418,
					"L2_TRANS/DEMAND_DATA_RD": 39473198.393342,
					"LLC_MISS": 7526658.321517285,
					"LLC_REFERENCE": 27817195.685026463,
					"MEM_LOAD_UOPS_RETIRED/L1_MISS": 15884607.639887175,
					"MEM_LOAD_UOPS_RETIRED/L2_MISS": 2235243.691933423,
					"MEM_LOAD_UOPS_RETIRED/L3_MISS": 3309.2763718646793,
					"MEM_UOPS_RETIRED/ALL_LOADS": 1331923532.3925812,
					"contender-L1-dcache-load-misses": 633936.4594035944,
					"contender-L1-icache-load-misses": 1325803.6073759631,
					"contender-L2_RQSTS/ALL_CODE_RD": 3050731.4139833297,
					"contender-L2_RQSTS/ALL_DEMAND_DATA_RD": 572937.5696819737,
					"contender-L2_RQSTS/ALL_DEMAND_MISS": 3310975.890833802,
					"contender-L2_RQSTS/ALL_DEMAND_REFERENCES": 3942908.886612074,
					"contender-L2_RQSTS/CODE_RD_MISS": 2553673.8783211205,
					"contender-L2_RQSTS/DEMAND_DATA_RD_MISS": 458394.6336894763,
					"contender-L2_RQSTS/MISS": 3724429.203758503,
					"contender-L2_RQSTS/REFERENCES": 4302953.113596726,
					"contender-L2_TRANS/CODE_RD": 3100849.6664644442,
					"contender-L2_TRANS/DEMAND_DATA_RD": 600107.9476231361,
					"contender-LLC_MISS": 11222.96677706602,
					"contender-LLC_REFERENCE": 3725712.3338420163,
					"contender-MEM_LOAD_UOPS_RETIRED/L1_MISS": 406384.786417793,
					"contender-MEM_LOAD_UOPS_RETIRED/L2_MISS": 340536.6522365868,
					"contender-MEM_LOAD_UOPS_RETIRED/L3_MISS": 2024.4806722411697,
					"contender-MEM_UOPS_RETIRED/ALL_LOADS": 7531630.821569032,
					"contender-cpu-cycles": 186196025.29111913,
					"contender-dTLB-load-misses": 124166.98701350274,
					"contender-iTLB-load-misses": 48072.376212838266,
					"contender-instructions": 17010151.51191062,
					"contender-stalled-cycles": 153307323.47028768,
					"contender_tput": 0.0,
					"cpu-cycles": 2096204750.628381,
					"dTLB-load-misses": 34041.46837114192,
					"iTLB-load-misses": 6820.2437127215235,
					"instructions": 4372903672.265169,
					"intel_cqm/local_bytes": 545.6168437236909,
					"mean": 23.36,
					"mite_throughput": 4.3,
					"mite_tput_limit": 4.3,
					"stalled-cycles": 711463225.1113192
				},
				{
					"50tail-latency": 23.0,
					"95tail-latency": 27.0,
					"999tail-latency": 41.0,
					"99tail-latency": 32.0,
					"L1-dcache-load-misses": 54858415.74587777,
					"L1-icache-load-misses": 67313.1855461648,
					"L2_RQSTS/ALL_CODE_RD": 125027.64318082134,
					"L2_RQSTS/ALL_DEMAND_DATA_RD": 40465868.661858976,
					"L2_RQSTS/ALL_DEMAND_MISS": 25845391.609687977,
					"L2_RQSTS/ALL_DEMAND_REFERENCES": 49135188.11766547,
					"L2_RQSTS/CODE_RD_MISS": 113831.35568573668,
					"L2_RQSTS/DEMAND_DATA_RD_MISS": 24079563.553166214,
					"L2_RQSTS/MISS": 28412861.134583328,
					"L2_RQSTS/REFERENCES": 55575871.555454195,
					"L2_TRANS/CODE_RD": 125844.22242562594,
					"L2_TRANS/DEMAND_DATA_RD": 40489341.529640295,
					"LLC_MISS": 7722076.508437335,
					"LLC_REFERENCE": 28434448.032588303,
					"MEM_LOAD_UOPS_RETIRED/L1_MISS": 16387923.624842033,
					"MEM_LOAD_UOPS_RETIRED/L2_MISS": 2290161.299931064,
					"MEM_LOAD_UOPS_RETIRED/L3_MISS": 3253.47654012192,
					"MEM_UOPS_RETIRED/ALL_LOADS": 1335791468.3969336,
					"contender-L1-dcache-load-misses": 639585.7389192822,
					"contender-L1-icache-load-misses": 1321327.6236240377,
					"contender-L2_RQSTS/ALL_CODE_RD": 3060521.550770226,
					"contender-L2_RQSTS/ALL_DEMAND_DATA_RD": 575071.7236700656,
					"contender-L2_RQSTS/ALL_DEMAND_MISS": 3315039.5559670893,
					"contender-L2_RQSTS/ALL_DEMAND_REFERENCES": 3915262.3988651973,
					"contender-L2_RQSTS/CODE_RD_MISS": 2554580.903868218,
					"contender-L2_RQSTS/DEMAND_DATA_RD_MISS": 461969.5474479251,
					"contender-L2_RQSTS/MISS": 3727343.1480854307,
					"contender-L2_RQSTS/REFERENCES": 4296800.450328675,
					"contender-L2_TRANS/CODE_RD": 3107296.2419932093,
					"contender-L2_TRANS/DEMAND_DATA_RD": 597457.9844348774,
					"contender-LLC_MISS": 9055.038281558052,
					"contender-LLC_REFERENCE": 3708608.962585712,
					"contender-MEM_LOAD_UOPS_RETIRED/L1_MISS": 402679.425601076,
					"contender-MEM_LOAD_UOPS_RETIRED/L2_MISS": 338200.1158782852,
					"contender-MEM_LOAD_UOPS_RETIRED/L3_MISS": 1850.8705572141578,
					"contender-MEM_UOPS_RETIRED/ALL_LOADS": 7386344.285584119,
					"contender-cpu-cycles": 186901406.60106295,
					"contender-dTLB-load-misses": 127707.63058139183,
					"contender-iTLB-load-misses": 47115.06885323079,
					"contender-instructions": 17416949.690972842,
					"contender-stalled-cycles": 153591366.75548527,
					"contender_tput": 0.0,
					"cpu-cycles": 2096208368.4907262,
					"dTLB-load-misses": 31656.724667862058,
					"iTLB-load-misses": 7767.057444829839,
					"instructions": 4381877465.863946,
					"intel_cqm/local_bytes": 554.723767668252,
					"mean": 23.28,
					"mite_throughput": 4.4,
					"mite_tput_limit": 4.4,
					"stalled-cycles": 707136095.249413
				},
				{
					"50tail-latency": 24.0,
					"95tail-latency": 27.0,
					"999tail-latency": 44.0,
					"99tail-latency": 32.0,
					"L1-dcache-load-misses": 55846666.01447926,
					"L1-icache-load-misses": 68311.01806947072,
					"L2_RQSTS/ALL_CODE_RD": 127175.9843079917,
					"L2_RQSTS/ALL_DEMAND_DATA_RD": 41351773.37736012,
					"L2_RQSTS/ALL_DEMAND_MISS": 26386491.064394,
					"L2_RQSTS/ALL_DEMAND_REFERENCES": 50120198.2034738,
					"L2_RQSTS/CODE_RD_MISS": 113407.41860199682,
					"L2_RQSTS/DEMAND_DATA_RD_MISS": 24627882.387977637,
					"L2_RQSTS/MISS": 28935736.869749855,
					"L2_RQSTS/REFERENCES": 56529472.06554638,
					"L2_TRANS/CODE_RD": 127645.35174429139,
					"L2_TRANS/DEMAND_DATA_RD": 41361471.154525064,
					"LLC_MISS": 7847597.171397262,
					"LLC_REFERENCE": 28956033.668911625,
					"MEM_LOAD_UOPS_RETIRED/L1_MISS": 16669568.632023817,
					"MEM_LOAD_UOPS_RETIRED/L2_MISS": 2203756.8650491447,
					"MEM_LOAD_UOPS_RETIRED/L3_MISS": 2528.6396527926563,
					"MEM_UOPS_RETIRED/ALL_LOADS": 1348275286.6508274,
					"contender-L1-dcache-load-misses": 640976.4170028397,
					"contender-L1-icache-load-misses": 1325856.2002981217,
					"contender-L2_RQSTS/ALL_CODE_RD": 3060309.147109305,
					"contender-L2_RQSTS/ALL_DEMAND_DATA_RD": 577450.8905851081,
					"contender-L2_RQSTS/ALL_DEMAND_MISS": 3313339.697779524,
					"contender-L2_RQSTS/ALL_DEMAND_REFERENCES": 3921503.123197328,
					"contender-L2_RQSTS/CODE_RD_MISS": 2554376.5506055346,
					"contender-L2_RQSTS/DEMAND_DATA_RD_MISS": 461535.37917412195,
					"contender-L2_RQSTS/MISS": 3734051.314611944,
					"contender-L2_RQSTS/REFERENCES": 4312375.271932897,
					"contender-L2_TRANS/CODE_RD": 3104345.8786193,
					"contender-L2_TRANS/DEMAND_DATA_RD": 602397.6661060279,
					"contender-LLC_MISS": 11041.437788340374,
					"contender-LLC_REFERENCE": 3729676.6841294034,
					"contender-MEM_LOAD_UOPS_RETIRED/L1_MISS": 398498.6768576032,
					"contender-MEM_LOAD_UOPS_RETIRED/L2_MISS": 334225.0606006749,
					"contender-MEM_LOAD_UOPS_RETIRED/L3_MISS": 2127.6506590985214,
					"contender-MEM_UOPS_RETIRED/ALL_LOADS": 7512083.701044995,
					"contender-cpu-cycles": 187403968.7799572,
					"contender-dTLB-load-misses": 130096.28586841893,
					"contender-iTLB-load-misses": 47718.25048042056,
					"contender-instructions": 16968891.37319662,
					"contender-stalled-cycles": 154252239.6870566,
					"contender_tput": 0.0,
					"cpu-cycles": 2096187375.2077713,
					"dTLB-load-misses": 37641.454454692415,
					"iTLB-load-misses": 7280.305476192324,
					"instructions": 4412095551.077551,
					"intel_cqm/local_bytes": 569.9222830011447,
					"mean": 23.62,
					"mite_throughput": 4.5,
					"mite_tput_limit": 4.5,
					"stalled-cycles": 705779086.3398899
				},
				{
					"50tail-latency": 24.0,
					"95tail-latency": 29.0,
					"999tail-latency": 47.0,
					"99tail-latency": 33.0,
					"L1-dcache-load-misses": 58465163.22864972,
					"L1-icache-load-misses": 68590.0658246129,
					"L2_RQSTS/ALL_CODE_RD": 128250.77086521125,
					"L2_RQSTS/ALL_DEMAND_DATA_RD": 43047912.80279216,
					"L2_RQSTS/ALL_DEMAND_MISS": 26923289.606663283,
					"L2_RQSTS/ALL_DEMAND_REFERENCES": 52541170.819692664,
					"L2_RQSTS/CODE_RD_MISS": 113736.94447455957,
					"L2_RQSTS/DEMAND_DATA_RD_MISS": 25150589.526660897,
					"L2_RQSTS/MISS": 29428000.002936307,
					"L2_RQSTS/REFERENCES": 59159783.04852162,
					"L2_TRANS/CODE_RD": 128067.87246206986,
					"L2_TRANS/DEMAND_DATA_RD": 43058646.67837839,
					"LLC_MISS": 7960236.48986717,
					"LLC_REFERENCE": 29442254.979405466,
					"MEM_LOAD_UOPS_RETIRED/L1_MISS": 17422432.12250054,
					"MEM_LOAD_UOPS_RETIRED/L2_MISS": 2103280.3658225355,
					"MEM_LOAD_UOPS_RETIRED/L3_MISS": 2422.4536905513246,
					"MEM_UOPS_RETIRED/ALL_LOADS": 1365050326.8691094,
					"contender-L1-dcache-load-misses": 635247.0219624669,
					"contender-L1-icache-load-misses": 1322878.4996280745,
					"contender-L2_RQSTS/ALL_CODE_RD": 3048808.1767083714,
					"contender-L2_RQSTS/ALL_DEMAND_DATA_RD": 568133.029077123,
					"contender-L2_RQSTS/ALL_DEMAND_MISS": 3315827.580396478,
					"contender-L2_RQSTS/ALL_DEMAND_REFERENCES": 3948315.409071783,
					"contender-L2_RQSTS/CODE_RD_MISS": 2557105.133292147,
					"contender-L2_RQSTS/DEMAND_DATA_RD_MISS": 455205.8858690925,
					"contender-L2_RQSTS/MISS": 3721439.1235067835,
					"contender-L2_RQSTS/REFERENCES": 4299929.344373884,
					"contender-L2_TRANS/CODE_RD": 3098552.9234607345,
					"contender-L2_TRANS/DEMAND_DATA_RD": 597388.2032927837,
					"contender-LLC_MISS": 9498.300646555652,
					"contender-LLC_REFERENCE": 3710727.037042344,
					"contender-MEM_LOAD_UOPS_RETIRED/L1_MISS": 405534.80421576765,
					"contender-MEM_LOAD_UOPS_RETIRED/L2_MISS": 340294.70608819876,
					"contender-MEM_LOAD_UOPS_RETIRED/L3_MISS": 1700.6719966244286,
					"contender-MEM_UOPS_RETIRED/ALL_LOADS": 7570769.62607494,
					"contender-cpu-cycles": 184425415.0802263,
					"contender-dTLB-load-misses": 127656.4532624876,
					"contender-iTLB-load-misses": 47157.76172241821,
					"contender-instructions": 16669012.42688823,
					"contender-stalled-cycles": 152201018.47727582,
					"contender_tput": 0.0,
					"cpu-cycles": 2096229447.1966128,
					"dTLB-load-misses": 39618.680156983966,
					"iTLB-load-misses": 7408.573962431063,
					"instructions": 4456061477.134056,
					"intel_cqm/local_bytes": 584.2747482020095,
					"mean": 24.24,
					"mite_throughput": 4.6,
					"mite_tput_limit": 4.6,
					"stalled-cycles": 697727909.5260231
				}
			]
		},
		"contention": {
			"description": "Contention",
			"samples": [
				{
					"50tail-latency": 22.0,
					"95tail-latency": 26.0,
					"999tail-latency": 64.0,
					"99tail-latency": 30.0,
					"L1-dcache-load-misses": 44762955.7215286,
					"L1-icache-load-misses": 69572.89364069166,
					"L2_RQSTS/ALL_CODE_RD": 127917.86672349152,
					"L2_RQSTS/ALL_DEMAND_DATA_RD": 32929527.421156716,
					"L2_RQSTS/ALL_DEMAND_MISS": 21421441.036101457,
					"L2_RQSTS/ALL_DEMAND_REFERENCES": 39998340.177520275,
					"L2_RQSTS/CODE_RD_MISS": 115445.94038255677,
					"L2_RQSTS/DEMAND_DATA_RD_MISS": 19851452.09902277,
					"L2_RQSTS/MISS": 23805550.893003564,
					"L2_RQSTS/REFERENCES": 45335458.1854582,
					"L2_TRANS/CODE_RD": 128028.9196117114,
					"L2_TRANS/DEMAND_DATA_RD": 32942520.955910284,
					"LLC_MISS": 7747313.608006518,
					"LLC_REFERENCE": 23820749.811390158,
					"MEM_LOAD_UOPS_RETIRED/L1_MISS": 13385362.945877627,
					"MEM_LOAD_UOPS_RETIRED/L2_MISS": 2080680.7240731046,
					"MEM_LOAD_UOPS_RETIRED/L3_MISS": 7883.647869650332,
					"MEM_UOPS_RETIRED/ALL_LOADS": 1351475102.4113178,
					"contender-L1-dcache-load-misses": 31683248.50221417,
					"contender-L1-icache-load-misses": 3705517.1419098238,
					"contender-L2_RQSTS/ALL_CODE_RD": 8616703.075785162,
					"contender-L2_RQSTS/ALL_DEMAND_DATA_RD": 13262275.96649966,
					"contender-L2_RQSTS/ALL_DEMAND_MISS": 16699750.161355961,
					"contender-L2_RQSTS/ALL_DEMAND_REFERENCES": 38709492.07861439,
					"contender-L2_RQSTS/CODE_RD_MISS": 5402901.176746665,
					"contender-L2_RQSTS/DEMAND_DATA_RD_MISS": 6115261.03352186,
					"contender-L2_RQSTS/MISS": 37979101.19467911,
					"contender-L2_RQSTS/REFERENCES": 64739060.59896433,
					"contender-L2_TRANS/CODE_RD": 9064170.432553535,
					"contender-L2_TRANS/DEMAND_DATA_RD": 14663459.25764775,
					"contender-LLC_MISS": 21033499.014555722,
					"contender-LLC_REFERENCE": 38614568.88539079,
					"contender-MEM_LOAD_UOPS_RETIRED/L1_MISS": 11578013.900915822,
					"contender-MEM_LOAD_UOPS_RETIRED/L2_MISS": 5004355.571979656,
					"contender-MEM_LOAD_UOPS_RETIRED/L3_MISS": 1545410.391705396,
					"contender-MEM_UOPS_RETIRED/ALL_LOADS": 2742134082.410948,
					"contender-cpu-cycles": 7279570824.837438,
					"contender-dTLB-load-misses": 677516.0626435635,
					"contender-iTLB-load-misses": 145452.6708939193,
					"contender-instructions": 11121397120.95382,
					"contender-stalled-cycles": 3624995680.7779984,
					"contender_tput": 0.0,
					"cpu-cycles": 2096096562.299704,
					"dTLB-load-misses": 24891.49441324931,
					"iTLB-load-misses": 5998.323329363118,
					"instructions": 4493060439.405809,
					"intel_cqm/local_bytes": 2853.6256214329433,
					"mean": 22.65,
					"mite_throughput": 3.6,
					"mite_tput_limit": 3.6,
					"stalled-cycles": 685879358.8626385
				},
				{
					"50tail-latency": 23.0,
					"95tail-latency": 28.0,
					"999tail-latency": 80.0,
					"99tail-latency": 32.0,
					"L1-dcache-load-misses": 46468026.29979018,
					"L1-icache-load-misses": 66238.90469975038,
					"L2_RQSTS/ALL_CODE_RD": 125492.65319378651,
					"L2_RQSTS/ALL_DEMAND_DATA_RD": 34133887.02546681,
					"L2_RQSTS/ALL_DEMAND_MISS": 21930503.213633783,
					"L2_RQSTS/ALL_DEMAND_REFERENCES": 41635286.32226113,
					"L2_RQSTS/CODE_RD_MISS": 111286.44684398497,
					"L2_RQSTS/DEMAND_DATA_RD_MISS": 20349583.118056368,
					"L2_RQSTS/MISS": 24318904.120779626,
					"L2_RQSTS/REFERENCES": 47143249.17743286,
					"L2_TRANS/CODE_RD": 126758.26984618347,
					"L2_TRANS/DEMAND_DATA_RD": 34144712.05904209,
					"LLC_MISS": 7749458.396921927,
					"LLC_REFERENCE": 24320713.27276207,
					"MEM_LOAD_UOPS_RETIRED/L1_MISS": 13812356.253455756,
					"MEM_LOAD_UOPS_RETIRED/L2_MISS": 1935602.6898726497,
					"MEM_LOAD_UOPS_RETIRED/L3_MISS": 7653.00903648355,
					"MEM_UOPS_RETIRED/ALL_LOADS": 1371334458.5865552,
					"contender-L1-dcache-load-misses": 27042331.070761707,
					"contender-L1-icache-load-misses": 3767114.843137897,
					"contender-L2_RQSTS/ALL_CODE_RD": 8511462.010848388,
					"contender-L2_RQSTS/ALL_DEMAND_DATA_RD": 12212143.3585051,
					"contender-L2_RQSTS/ALL_DEMAND_MISS": 15178215.865171235,
					"contender-L2_RQSTS/ALL_DEMAND_REFERENCES": 33545567.293081634,
					"contender-L2_RQSTS/CODE_RD_MISS": 5174169.28642919,
					"contender-L2_RQSTS/DEMAND_DATA_RD_MISS": 5742807.051040506,
					"contender-L2_RQSTS/MISS": 33965395.4956698,
					"contender-L2_RQSTS/REFERENCES": 56539263.888126865,
					"contender-L2_TRANS/CODE_RD": 8545574.14074492,
					"contender-L2_TRANS/DEMAND_DATA_RD": 14341283.099146774,
					"contender-LLC_MISS": 16959728.309381552,
					"contender-LLC_REFERENCE": 34156778.88558778,
					"contender-MEM_LOAD_UOPS_RETIRED/L1_MISS": 9843029.656774022,
					"contender-MEM_LOAD_UOPS_RETIRED/L2_MISS": 4344067.34916778,
					"contender-MEM_LOAD_UOPS_RETIRED/L3_MISS": 1332417.5327463408,
					"contender-MEM_UOPS_RETIRED/ALL_LOADS": 2377214661.49734,
					"contender-cpu-cycles": 7258885537.510049,
					"contender-dTLB-load-misses": 656930.0674488753,
					"contender-iTLB-load-misses": 148421.22284461674,
					"contender-instructions": 9897543341.256147,
					"contender-stalled-cycles": 3705069155.733511,
					"contender_tput": 0.0,
					"cpu-cycles": 2096097141.1075008,
					"dTLB-load-misses": 29381.57587727758,
					"iTLB-load-misses": 7164.347148522556,
					"instructions": 4548898712.662981,
					"intel_cqm/local_bytes": 2200.2463891142424,
					"mean": 23.65,
					"mite_throughput": 3.7,
					"mite_tput_limit": 3.7,
					"stalled-cycles": 673528077.319911
				},
				{
					"50tail-latency": 22.0,
					"95tail-latency": 26.0,
					"999tail-latency": 192.0,
					"99tail-latency": 32.0,
					"L1-dcache-load-misses": 48006549.10166628,
					"L1-icache-load-misses": 66828.50038408473,
					"L2_RQSTS/ALL_CODE_RD": 126938.91358363589,
					"L2_RQSTS/ALL_DEMAND_DATA_RD": 35157875.79356109,
					"L2_RQSTS/ALL_DEMAND_MISS": 22643187.49972287,
					"L2_RQSTS/ALL_DEMAND_REFERENCES": 42825454.37493099,
					"L2_RQSTS/CODE_RD_MISS": 113672.4745750261,
					"L2_RQSTS/DEMAND_DATA_RD_MISS": 20959366.11872887,
					"L2_RQSTS/MISS": 25132564.012197603,
					"L2_RQSTS/REFERENCES": 48669964.22262951,
					"L2_TRANS/CODE_RD": 128550.29334946006,
					"L2_TRANS/DEMAND_DATA_RD": 35188673.24585538,
					"LLC_MISS": 8206050.845136248,
					"LLC_REFERENCE": 25127833.58525684,
					"MEM_LOAD_UOPS_RETIRED/L1_MISS": 14347210.044991003,
					"MEM_LOAD_UOPS_RETIRED/L2_MISS": 2199728.3841026644,
					"MEM_LOAD_UOPS_RETIRED/L3_MISS": 7310.50837195895,
					"MEM_UOPS_RETIRED/ALL_LOADS": 1334244198.5364578,
					"contender-L1-dcache-load-misses": 33667405.964239925,
					"contender-L1-icache-load-misses": 3913624.522715108,
					"contender-L2_RQSTS/ALL_CODE_RD": 8541492.24370404,
					"contender-L2_RQSTS/ALL_DEMAND_DATA_RD": 13268370.614603719,
					"contender-L2_RQSTS/ALL_DEMAND_MISS": 17652017.11238341,
					"contender-L2_RQSTS/ALL_DEMAND_REFERENCES": 40143404.625846334,
					"contender-L2_RQSTS/CODE_RD_MISS": 5431590.34761742,
					"contender-L2_RQSTS/DEMAND_DATA_RD_MISS": 6744676.223418326,
					"contender-L2_RQSTS/MISS": 41470888.06104279,
					"contender-L2_RQSTS/REFERENCES": 69357028.88428818,
					"contender-L2_TRANS/CODE_RD": 9028788.723222427,
					"contender-L2_TRANS/DEMAND_DATA_RD": 15060732.454380171,
					"contender-LLC_MISS": 21706949.267992903,
					"contender-LLC_REFERENCE": 41423586.95018421,
					"contender-MEM_LOAD_UOPS_RETIRED/L1_MISS": 12011290.144423692,
					"contender-MEM_LOAD_UOPS_RETIRED/L2_MISS": 5379748.136178841,
					"contender-MEM_LOAD_UOPS_RETIRED/L3_MISS": 1512120.643389829,
					"contender-MEM_UOPS_RETIRED/ALL_LOADS": 2879097886.5699162,
					"contender-cpu-cycles": 7593942774.333502,
					"contender-dTLB-load-misses": 702579.0765274965,
					"contender-iTLB-load-misses": 158054.03328149347,
					"contender-instructions": 11516055401.244333,
					"contender-stalled-cycles": 3753199844.991442,
					"contender_tput": 0.0,
					"cpu-cycles": 2096044410.472464,
					"dTLB-load-misses": 31690.60199998606,
					"iTLB-load-misses": 7623.4312883799885,
					"instructions": 4424951772.386757,
					"intel_cqm/local_bytes": 4494.965584448071,
					"mean": 23.03,
					"mite_throughput": 3.8,
					"mite_tput_limit": 3.8,
					"stalled-cycles": 701122263.5169364
				},
				{
					"50tail-latency": 23.0,
					"95tail-latency": 28.0,
					"999tail-latency": 188.0,
					"99tail-latency": 33.0,
					"L1-dcache-load-misses": 49217728.95057217,
					"L1-icache-load-misses": 67451.48077077762,
					"L2_RQSTS/ALL_CODE_RD": 125803.42378387706,
					"L2_RQSTS/ALL_DEMAND_DATA_RD": 36209616.64436687,
					"L2_RQSTS/ALL_DEMAND_MISS": 23059507.62365385,
					"L2_RQSTS/ALL_DEMAND_REFERENCES": 44094520.49600986,
					"L2_RQSTS/CODE_RD_MISS": 113322.60101737185,
					"L2_RQSTS/DEMAND_DATA_RD_MISS": 21435496.365921255,
					"L2_RQSTS/MISS": 25482581.215504803,
					"L2_RQSTS/REFERENCES": 49808568.458220154,
					"L2_TRANS/CODE_RD": 128021.69332998761,
					"L2_TRANS/DEMAND_DATA_RD": 36198395.49960093,
					"LLC_MISS": 8273008.7884092815,
					"LLC_REFERENCE": 25483345.28027527,
					"MEM_LOAD_UOPS_RETIRED/L1_MISS": 14642529.173393592,
					"MEM_LOAD_UOPS_RETIRED/L2_MISS": 2021826.9651698065,
					"MEM_LOAD_UOPS_RETIRED/L3_MISS": 8265.396360386701,
					"MEM_UOPS_RETIRED/ALL_LOADS": 1357525040.3018208,
					"contender-L1-dcache-load-misses": 33089870.47448251,
					"contender-L1-icache-load-misses": 3908458.4292611075,
					"contender-L2_RQSTS/ALL_CODE_RD": 8210749.958681693,
					"contender-L2_RQSTS/ALL_DEMAND_DATA_RD": 13569355.321825713,
					"contender-L2_RQSTS/ALL_DEMAND_MISS": 16920663.142961737,
					"contender-L2_RQSTS/ALL_DEMAND_REFERENCES": 38804994.254688084,
					"contender-L2_RQSTS/CODE_RD_MISS": 5271533.885104424,
					"contender-L2_RQSTS/DEMAND_DATA_RD_MISS": 6470647.884140807,
					"contender-L2_RQSTS/MISS": 38454250.03015668,
					"contender-L2_RQSTS/REFERENCES": 65321956.18386374,
					"contender-L2_TRANS/CODE_RD": 8565466.299250169,
					"contender-L2_TRANS/DEMAND_DATA_RD": 15209391.051772479,
					"contender-LLC_MISS": 20935294.345470358,
					"contender-LLC_REFERENCE": 38359412.15804909,
					"contender-MEM_LOAD_UOPS_RETIRED/L1_MISS": 12031238.146784145,
					"contender-MEM_LOAD_UOPS_RETIRED/L2_MISS": 5163898.319656478,
					"contender-MEM_LOAD_UOPS_RETIRED/L3_MISS": 1637867.6077208905,
					"contender-MEM_UOPS_RETIRED/ALL_LOADS": 2920798389.5958004,
					"contender-cpu-cycles": 8008162469.188136,
					"contender-dTLB-load-misses": 677872.5853163525,
					"contender-iTLB-load-misses": 150824.56018736673,
					"contender-instructions": 12034689809.1957,
					"contender-stalled-cycles": 3932491137.476179,
					"contender_tput": 0.0,
					"cpu-cycles": 2095881689.5774639,
					"dTLB-load-misses": 39396.728542294266,
					"iTLB-load-misses": 8394.572292723253,
					"instructions": 4486611897.292859,
					"intel_cqm/local_bytes": 2586.863888891146,
					"mean": 23.84,
					"mite_throughput": 3.9,
					"mite_tput_limit": 3.9,
					"stalled-cycles": 685639821.0734918
				},
				{
					"50tail-latency": 23.0,
					"95tail-latency": 26.0,
					"999tail-latency": 248.0,
					"99tail-latency": 33.0,
					"L1-dcache-load-misses": 50178440.12014057,
					"L1-icache-load-misses": 67181.0914739633,
					"L2_RQSTS/ALL_CODE_RD": 125406.979147017,
					"L2_RQSTS/ALL_DEMAND_DATA_RD": 36867581.778444715,
					"L2_RQSTS/ALL_DEMAND_MISS": 23826139.69955272,
					"L2_RQSTS/ALL_DEMAND_REFERENCES": 44886434.74008736,
					"L2_RQSTS/CODE_RD_MISS": 110176.39520860738,
					"L2_RQSTS/DEMAND_DATA_RD_MISS": 22095572.95561451,
					"L2_RQSTS/MISS": 26390890.415697213,
					"L2_RQSTS/REFERENCES": 50881851.79845807,
					"L2_TRANS/CODE_RD": 124424.53276611374,
					"L2_TRANS/DEMAND_DATA_RD": 36900672.734807275,
					"LLC_MISS": 8516900.502332373,
					"LLC_REFERENCE": 26398493.995008864,
					"MEM_LOAD_UOPS_RETIRED/L1_MISS": 14965558.842681367,
					"MEM_LOAD_UOPS_RETIRED/L2_MISS": 2256038.568205896,
					"MEM_LOAD_UOPS_RETIRED/L3_MISS": 7262.630327262323,
					"MEM_UOPS_RETIRED/ALL_LOADS": 1317840972.6860225,
					"contender-L1-dcache-load-misses": 30656773.103737522,
					"contender-L1-icache-load-misses": 3622607.9632095234,
					"contender-L2_RQSTS/ALL_CODE_RD": 8175504.520832017,
					"contender-L2_RQSTS/ALL_DEMAND_DATA_RD": 13493041.68618039,
					"contender-L2_RQSTS/ALL_DEMAND_MISS": 15943940.067806868,
					"contender-L2_RQSTS/ALL_DEMAND_REFERENCES": 37596633.58413977,
					"contender-L2_RQSTS/CODE_RD_MISS": 5100016.247241265,
					"contender-L2_RQSTS/DEMAND_DATA_RD_MISS": 6944957.685935532,
					"contender-L2_RQSTS/MISS": 38594701.95145269,
					"contender-L2_RQSTS/REFERENCES": 65453898.97394554,
					"contender-L2_TRANS/CODE_RD": 7806661.235253944,
					"contender-L2_TRANS/DEMAND_DATA_RD": 14098184.869289415,
					"contender-LLC_MISS": 20212435.11028504,
					"contender-LLC_REFERENCE": 38343392.56663545,
					"contender-MEM_LOAD_UOPS_RETIRED/L1_MISS": 11238637.371049577,
					"contender-MEM_LOAD_UOPS_RETIRED/L2_MISS": 5138566.799841374,
					"contender-MEM_LOAD_UOPS_RETIRED/L3_MISS": 1458936.667411809,
					"contender-MEM_UOPS_RETIRED/ALL_LOADS": 2763357988.3451123,
					"contender-cpu-cycles": 8161849176.674674,
					"contender-dTLB-load-misses": 644861.7224602946,
					"contender-iTLB-load-misses": 156309.0719066414,
					"contender-instructions": 11411853555.039465,
					"contender-stalled-cycles": 4237165419.797953,
					"contender_tput": 0.0,
					"cpu-cycles": 2096056319.409335,
					"dTLB-load-misses": 26729.984765531048,
					"iTLB-load-misses": 6711.676631432528,
					"instructions": 4350583399.586349,
					"intel_cqm/local_bytes": 2599.875879263298,
					"mean": 23.19,
					"mite_throughput": 4.0,
					"mite_tput_limit": 4.0,
					"stalled-cycles": 715934422.0370758
				},
				{
					"50tail-latency": 23.0,
					"95tail-latency": 28.0,
					"999tail-latency": 266.0,
					"99tail-latency": 34.0,
					"L1-dcache-load-misses": 51546732.08088715,
					"L1-icache-load-misses": 68342.54331525526,
					"L2_RQSTS/ALL_CODE_RD": 123501.10140775771,
					"L2_RQSTS/ALL_DEMAND_DATA_RD": 38120151.930202775,
					"L2_RQSTS/ALL_DEMAND_MISS": 24340714.621631682,
					"L2_RQSTS/ALL_DEMAND_REFERENCES": 46205315.64533183,
					"L2_RQSTS/CODE_RD_MISS": 111146.6789652534,
					"L2_RQSTS/DEMAND_DATA_RD_MISS": 22659535.08789751,
					"L2_RQSTS/MISS": 26865968.534094952,
					"L2_RQSTS/REFERENCES": 52182410.47646418,
					"L2_TRANS/CODE_RD": 124448.21745426637,
					"L2_TRANS/DEMAND_DATA_RD": 38110516.728781044,
					"LLC_MISS": 8591073.977077348,
					"LLC_REFERENCE": 26871290.80291195,
					"MEM_LOAD_UOPS_RETIRED/L1_MISS": 15393368.84291975,
					"MEM_LOAD_UOPS_RETIRED/L2_MISS": 2144108.8701191735,
					"MEM_LOAD_UOPS_RETIRED/L3_MISS": 8106.956387327938,
					"MEM_UOPS_RETIRED/ALL_LOADS": 1332182607.4197178,
					"contender-L1-dcache-load-misses": 29426749.438322976,
					"contender-L1-icache-load-misses": 3589755.9773214078,
					"contender-L2_RQSTS/ALL_CODE_RD": 8194827.848155037,
					"contender-L2_RQSTS/ALL_DEMAND_DATA_RD": 12249202.148895662,
					"contender-L2_RQSTS/ALL_DEMAND_MISS": 15735497.872075273,
					"contender-L2_RQSTS/ALL_DEMAND_REFERENCES": 35390703.67011494,
					"contender-L2_RQSTS/CODE_RD_MISS": 5277305.993830986,
					"contender-L2_RQSTS/DEMAND_DATA_RD_MISS": 6369082.545668672,
					"contender-L2_RQSTS/MISS": 36194478.097431585,
					"contender-L2_RQSTS/REFERENCES": 61003558.263136595,
					"contender-L2_TRANS/CODE_RD": 8383212.740368826,
					"contender-L2_TRANS/DEMAND_DATA_RD": 13472112.536770837,
					"contender-LLC_MISS": 20261659.76028925,
					"contender-LLC_REFERENCE": 36600774.32088341,
					"contender-MEM_LOAD_UOPS_RETIRED/L1_MISS": 11034107.686328342,
					"contender-MEM_LOAD_UOPS_RETIRED/L2_MISS": 4788956.315633904,
					"contender-MEM_LOAD_UOPS_RETIRED/L3_MISS": 1549981.6769050946,
					"contender-MEM_UOPS_RETIRED/ALL_LOADS": 2628348732.3648686,
					"contender-cpu-cycles": 7693047751.595866,
					"contender-dTLB-load-misses": 660515.2557587078,
					"contender-iTLB-load-misses": 151548.6877471793,
					"contender-instructions": 10749543536.434984,
					"contender-stalled-cycles": 4006203634.3539357,
					"contender_tput": 0.0,
					"cpu-cycles": 2096119428.482062,
					"dTLB-load-misses": 56487.87997340797,
					"iTLB-load-misses": 8737.228002962973,
					"instructions": 4386035051.319412,
					"intel_cqm/local_bytes": 2495.0939211469176,
					"mean": 23.92,
					"mite_throughput": 4.1,
					"mite_tput_limit": 4.1,
					"stalled-cycles": 709600389.9934124
				},
				{
					"50tail-latency": 23.0,
					"95tail-latency": 27.0,
					"999tail-latency": 306.0,
					"99tail-latency": 34.0,
					"L1-dcache-load-misses": 52210556.617887095,
					"L1-icache-load-misses": 67840.23735083557,
					"L2_RQSTS/ALL_CODE_RD": 127471.02987587628,
					"L2_RQSTS/ALL_DEMAND_DATA_RD": 38596015.753463335,
					"L2_RQSTS/ALL_DEMAND_MISS": 24874865.060116436,
					"L2_RQSTS/ALL_DEMAND_REFERENCES": 46833373.96017438,
					"L2_RQSTS/CODE_RD_MISS": 114488.9229000508,
					"L2_RQSTS/DEMAND_DATA_RD_MISS": 23129634.223967187,
					"L2_RQSTS/MISS": 27499413.34152582,
					"L2_RQSTS/REFERENCES": 52916165.76461173,
					"L2_TRANS/CODE_RD": 129608.73598256019,
					"L2_TRANS/DEMAND_DATA_RD": 38605058.79149796,
					"LLC_MISS": 8794455.780824685,
					"LLC_REFERENCE": 27493691.950843383,
					"MEM_LOAD_UOPS_RETIRED/L1_MISS": 15584514.774909042,
					"MEM_LOAD_UOPS_RETIRED/L2_MISS": 2261541.365032964,
					"MEM_LOAD_UOPS_RETIRED/L3_MISS": 6950.820480343811,
					"MEM_UOPS_RETIRED/ALL_LOADS": 1317583476.971038,
					"contender-L1-dcache-load-misses": 27770291.84025807,
					"contender-L1-icache-load-misses": 3651463.4075998166,
					"contender-L2_RQSTS/ALL_CODE_RD": 8736202.168363083,
					"contender-L2_RQSTS/ALL_DEMAND_DATA_RD": 11771508.240130806,
					"contender-L2_RQSTS/ALL_DEMAND_MISS": 15229442.446388874,
					"contender-L2_RQSTS/ALL_DEMAND_REFERENCES": 34974216.68592812,
					"contender-L2_RQSTS/CODE_RD_MISS": 5203460.596802859,
					"contender-L2_RQSTS/DEMAND_DATA_RD_MISS": 5475201.54663849,
					"contender-L2_RQSTS/MISS": 33306428.49431125,
					"contender-L2_RQSTS/REFERENCES": 56970079.59212151,
					"contender-L2_TRANS/CODE_RD": 9264101.276289852,
					"contender-L2_TRANS/DEMAND_DATA_RD": 13783673.28121665,
					"contender-LLC_MISS": 16980985.72814717,
					"contender-LLC_REFERENCE": 33328262.218429923,
					"contender-MEM_LOAD_UOPS_RETIRED/L1_MISS": 10159670.33506246,
					"contender-MEM_LOAD_UOPS_RETIRED/L2_MISS": 4325056.639239829,
					"contender-MEM_LOAD_UOPS_RETIRED/L3_MISS": 1173931.36700359,
					"contender-MEM_UOPS_RETIRED/ALL_LOADS": 2564100716.542307,
					"contender-cpu-cycles": 7169763034.882978,
					"contender-dTLB-load-misses": 655880.6653333487,
					"contender-iTLB-load-misses": 165578.3576805168,
					"contender-instructions": 10434996037.350603,
					"contender-stalled-cycles": 3646015534.7755747,
					"contender_tput": 0.0,
					"cpu-cycles": 2096018058.2772582,
					"dTLB-load-misses": 31256.964577384082,
					"iTLB-load-misses": 7588.858698645828,
					"instructions": 4335917203.048084,
					"intel_cqm/local_bytes": 2339.1334125624453,
					"mean": 23.51,
					"mite_throughput": 4.2,
					"mite_tput_limit": 4.2,
					"stalled-cycles": 719473420.549721
				},
				{
					"50tail-latency": 23.0,
					"95tail-latency": 27.0,
					"999tail-latency": 384.0,
					"99tail-latency": 35.0,
					"L1-dcache-load-misses": 53955608.51696712,
					"L1-icache-load-misses": 67910.37744194792,
					"L2_RQSTS/ALL_CODE_RD": 129716.46687779213,
					"L2_RQSTS/ALL_DEMAND_DATA_RD": 39842015.13801353,
					"L2_RQSTS/ALL_DEMAND_MISS": 25464890.384094007,
					"L2_RQSTS/ALL_DEMAND_REFERENCES": 48345618.67708308,
					"L2_RQSTS/CODE_RD_MISS": 114276.7911841007,
					"L2_RQSTS/DEMAND_DATA_RD_MISS": 23702993.930431187,
					"L2_RQSTS/MISS": 28102568.2689524,
					"L2_RQSTS/REFERENCES": 54706067.877038345,
					"L2_TRANS/CODE_RD": 129765.18666744318,
					"L2_TRANS/DEMAND_DATA_RD": 39846790.875868455,
					"LLC_MISS": 9040720.367649054,
					"LLC_REFERENCE": 28108651.199969452,
					"MEM_LOAD_UOPS_RETIRED/L1_MISS": 16109681.942878928,
					"MEM_LOAD_UOPS_RETIRED/L2_MISS": 2226870.558231186,
					"MEM_LOAD_UOPS_RETIRED/L3_MISS": 6380.716928700893,
					"MEM_UOPS_RETIRED/ALL_LOADS": 1326307739.6559691,
					"contender-L1-dcache-load-misses": 32597390.617664058,
					"contender-L1-icache-load-misses": 3581151.423990533,
					"contender-L2_RQSTS/ALL_CODE_RD": 9766283.403502682,
					"contender-L2_RQSTS/ALL_DEMAND_DATA_RD": 13924523.456030745,
					"contender-L2_RQSTS/ALL_DEMAND_MISS": 17362062.24448384,
					"contender-L2_RQSTS/ALL_DEMAND_REFERENCES": 39185982.150021814,
					"contender-L2_RQSTS/CODE_RD_MISS": 5745786.746579023,
					"contender-L2_RQSTS/DEMAND_DATA_RD_MISS": 6540411.484721304,
					"contender-L2_RQSTS/MISS": 38913879.64708683,
					"contender-L2_RQSTS/REFERENCES": 66102005.87743348,
					"contender-L2_TRANS/CODE_RD": 9843521.950885603,
					"contender-L2_TRANS/DEMAND_DATA_RD": 16557699.217574269,
					"contender-LLC_MISS": 19534426.507898115,
					"contender-LLC_REFERENCE": 39631005.90470643,
					"contender-MEM_LOAD_UOPS_RETIRED/L1_MISS": 10864544.238913767,
					"contender-MEM_LOAD_UOPS_RETIRED/L2_MISS": 4926580.4641536055,
					"contender-MEM_LOAD_UOPS_RETIRED/L3_MISS": 1295892.2581521843,
					"contender-MEM_UOPS_RETIRED/ALL_LOADS": 2735444297.5971274,
					"contender-cpu-cycles": 7128516911.351498,
					"contender-dTLB-load-misses": 673612.2003848824,
					"contender-iTLB-load-misses": 160849.16655773847,
					"contender-instructions": 11047792692.15557,
					"contender-stalled-cycles": 3458121204.904925,
					"contender_tput": 0.0,
					"cpu-cycles": 2096075928.414228,
					"dTLB-load-misses": 34485.54497177726,
					"iTLB-load-misses": 8148.068369425265,
					"instructions": 4354346621.989539,
					"intel_cqm/local_bytes": 2591.592093775072,
					"mean": 24.25,
					"mite_throughput": 4.3,
					"mite_tput_limit": 4.3,
					"stalled-cycles": 716279802.7008624
				},
				{
					"50tail-latency": 23.0,
					"95tail-latency": 28.0,
					"999tail-latency": 384.0,
					"99tail-latency": 36.0,
					"L1-dcache-load-misses": 55035932.51193067,
					"L1-icache-load-misses": 67548.13794558219,
					"L2_RQSTS/ALL_CODE_RD": 127268.99286523367,
					"L2_RQSTS/ALL_DEMAND_DATA_RD": 40582307.04578188,
					"L2_RQSTS/ALL_DEMAND_MISS": 26021853.123322997,
					"L2_RQSTS/ALL_DEMAND_REFERENCES": 49377741.971722685,
					"L2_RQSTS/CODE_RD_MISS": 113160.60362493471,
					"L2_RQSTS/DEMAND_DATA_RD_MISS": 24271208.592640497,
					"L2_RQSTS/MISS": 28701248.42983036,
					"L2_RQSTS/REFERENCES": 55875018.07307185,
					"L2_TRANS/CODE_RD": 129879.62163507447,
					"L2_TRANS/DEMAND_DATA_RD": 40581431.16645848,
					"LLC_MISS": 9279009.448768802,
					"LLC_REFERENCE": 28693587.8909655,
					"MEM_LOAD_UOPS_RETIRED/L1_MISS": 16305741.567477815,
					"MEM_LOAD_UOPS_RETIRED/L2_MISS": 2224482.447245147,
					"MEM_LOAD_UOPS_RETIRED/L3_MISS": 5584.781949772377,
					"MEM_UOPS_RETIRED/ALL_LOADS": 1326453383.7426245,
					"contender-L1-dcache-load-misses": 30585553.47090184,
					"contender-L1-icache-load-misses": 3528421.395327207,
					"contender-L2_RQSTS/ALL_CODE_RD": 9370253.076748546,
					"contender-L2_RQSTS/ALL_DEMAND_DATA_RD": 14588731.71807096,
					"contender-L2_RQSTS/ALL_DEMAND_MISS": 16802041.510061894,
					"contender-L2_RQSTS/ALL_DEMAND_REFERENCES": 38153046.09702713,
					"contender-L2_RQSTS/CODE_RD_MISS": 5564030.725323213,
					"contender-L2_RQSTS/DEMAND_DATA_RD_MISS": 6575263.231039755,
					"contender-L2_RQSTS/MISS": 38575781.50450683,
					"contender-L2_RQSTS/REFERENCES": 64248212.545764305,
					"contender-L2_TRANS/CODE_RD": 8915354.486315528,
					"contender-L2_TRANS/DEMAND_DATA_RD": 16448731.030296654,
					"contender-LLC_MISS": 20220379.239112034,
					"contender-LLC_REFERENCE": 38418974.25328604,
					"contender-MEM_LOAD_UOPS_RETIRED/L1_MISS": 10760750.603562592,
					"contender-MEM_LOAD_UOPS_RETIRED/L2_MISS": 4998218.419635165,
					"contender-MEM_LOAD_UOPS_RETIRED/L3_MISS": 1366053.928949723,
					"contender-MEM_UOPS_RETIRED/ALL_LOADS": 2937292445.4147487,
					"contender-cpu-cycles": 7921237366.813173,
					"contender-dTLB-load-misses": 648704.2272959087,
					"contender-iTLB-load-misses": 145690.5913341308,
					"contender-instructions": 12097573487.246649,
					"contender-stalled-cycles": 3824844883.0880136,
					"contender_tput": 0.0,
					"cpu-cycles": 2096047775.0140102,
					"dTLB-load-misses": 35024.92691780262,
					"iTLB-load-misses": 7436.624891443112,
					"instructions": 4345228799.808447,
					"intel_cqm/local_bytes": 2738.135447361513,
					"mean": 24.36,
					"mite_throughput": 4.4,
					"mite_tput_limit": 4.4,
					"stalled-cycles": 722358860.7286105
				},
				{
					"50tail-latency": 24.0,
					"95tail-latency": 28.0,
					"999tail-latency": 388.0,
					"99tail-latency": 37.0,
					"L1-dcache-load-misses": 56390937.73631568,
					"L1-icache-load-misses": 67602.85573820221,
					"L2_RQSTS/ALL_CODE_RD": 130760.84661638238,
					"L2_RQSTS/ALL_DEMAND_DATA_RD": 41677842.24779471,
					"L2_RQSTS/ALL_DEMAND_MISS": 26538956.634586964,
					"L2_RQSTS/ALL_DEMAND_REFERENCES": 50614654.09672388,
					"L2_RQSTS/CODE_RD_MISS": 115926.53366876906,
					"L2_RQSTS/DEMAND_DATA_RD_MISS": 24755433.582122047,
					"L2_RQSTS/MISS": 29215110.212809063,
					"L2_RQSTS/REFERENCES": 57153182.31769123,
					"L2_TRANS/CODE_RD": 130986.9807284974,
					"L2_TRANS/DEMAND_DATA_RD": 41688138.120787874,
					"LLC_MISS": 9484224.373081801,
					"LLC_REFERENCE": 29220546.582462866,
					"MEM_LOAD_UOPS_RETIRED/L1_MISS": 16776406.17198547,
					"MEM_LOAD_UOPS_RETIRED/L2_MISS": 2184036.0013023135,
					"MEM_LOAD_UOPS_RETIRED/L3_MISS": 5167.996118857772,
					"MEM_UOPS_RETIRED/ALL_LOADS": 1342729431.86686,
					"contender-L1-dcache-load-misses": 33490005.536687873,
					"contender-L1-icache-load-misses": 3770776.4846262694,
					"contender-L2_RQSTS/ALL_CODE_RD": 8935976.731221274,
					"contender-L2_RQSTS/ALL_DEMAND_DATA_RD": 14361744.084714528,
					"contender-L2_RQSTS/ALL_DEMAND_MISS": 16822582.095636588,
					"contender-L2_RQSTS/ALL_DEMAND_REFERENCES": 38442289.710656635,
					"contender-L2_RQSTS/CODE_RD_MISS": 5248968.422171302,
					"contender-L2_RQSTS/DEMAND_DATA_RD_MISS": 6734838.496458233,
					"contender-L2_RQSTS/MISS": 39317648.99054749,
					"contender-L2_RQSTS/REFERENCES": 66246601.69633016,
					"contender-L2_TRANS/CODE_RD": 8392745.855214447,
					"contender-L2_TRANS/DEMAND_DATA_RD": 15938058.392991599,
					"contender-LLC_MISS": 22499798.189017702,
					"contender-LLC_REFERENCE": 39527410.839745395,
					"contender-MEM_LOAD_UOPS_RETIRED/L1_MISS": 11233044.361085907,
					"contender-MEM_LOAD_UOPS_RETIRED/L2_MISS": 5236174.938124817,
					"contender-MEM_LOAD_UOPS_RETIRED/L3_MISS": 1633319.0493489073,
					"contender-MEM_UOPS_RETIRED/ALL_LOADS": 2983072777.366946,
					"contender-cpu-cycles": 7960229508.969229,
					"contender-dTLB-load-misses": 716694.5480321959,
					"contender-iTLB-load-misses": 163482.84384651398,
					"contender-instructions": 12080411338.71922,
					"contender-stalled-cycles": 3854873458.5176544,
					"contender_tput": 0.0,
					"cpu-cycles": 2096013381.6008203,
					"dTLB-load-misses": 33747.57534070788,
					"iTLB-load-misses": 7492.669017112425,
					"instructions": 4389308450.077964,
					"intel_cqm/local_bytes": 2906.443848942717,
					"mean": 24.9,
					"mite_throughput": 4.5,
					"mite_tput_limit": 4.5,
					"stalled-cycles": 712320031.781896
				},
				{
					"50tail-latency": 25.0,
					"95tail-latency": 30.0,
					"999tail-latency": 382.0,
					"99tail-latency": 38.0,
					"L1-dcache-load-misses": 58825192.03702976,
					"L1-icache-load-misses": 69221.8099471756,
					"L2_RQSTS/ALL_CODE_RD": 129518.78046954716,
					"L2_RQSTS/ALL_DEMAND_DATA_RD": 43342203.745201245,
					"L2_RQSTS/ALL_DEMAND_MISS": 27105627.47158135,
					"L2_RQSTS/ALL_DEMAND_REFERENCES": 53056029.286119066,
					"L2_RQSTS/CODE_RD_MISS": 115988.2632230483,
					"L2_RQSTS/DEMAND_DATA_RD_MISS": 25342740.498496108,
					"L2_RQSTS/MISS": 29737043.064354733,
					"L2_RQSTS/REFERENCES": 59662849.04672891,
					"L2_TRANS/CODE_RD": 129604.1393945098,
					"L2_TRANS/DEMAND_DATA_RD": 43367241.766338445,
					"LLC_MISS": 9469966.013321359,
					"LLC_REFERENCE": 29716874.12405651,
					"MEM_LOAD_UOPS_RETIRED/L1_MISS": 17454912.219272096,
					"MEM_LOAD_UOPS_RETIRED/L2_MISS": 2054485.5126360015,
					"MEM_LOAD_UOPS_RETIRED/L3_MISS": 4973.0424055572,
					"MEM_UOPS_RETIRED/ALL_LOADS": 1360309985.6015608,
					"contender-L1-dcache-load-misses": 30334634.76092328,
					"contender-L1-icache-load-misses": 3726902.1261808737,
					"contender-L2_RQSTS/ALL_CODE_RD": 10647045.414052753,
					"contender-L2_RQSTS/ALL_DEMAND_DATA_RD": 14107002.749471566,
					"contender-L2_RQSTS/ALL_DEMAND_MISS": 17122177.88111648,
					"contender-L2_RQSTS/ALL_DEMAND_REFERENCES": 38715765.49848143,
					"contender-L2_RQSTS/CODE_RD_MISS": 5875826.306758612,
					"contender-L2_RQSTS/DEMAND_DATA_RD_MISS": 6478098.720459995,
					"contender-L2_RQSTS/MISS": 37551702.60254943,
					"contender-L2_RQSTS/REFERENCES": 62374473.72178805,
					"contender-L2_TRANS/CODE_RD": 10644270.299040262,
					"contender-L2_TRANS/DEMAND_DATA_RD": 16119152.012213249,
					"contender-LLC_MISS": 18475885.782853745,
					"contender-LLC_REFERENCE": 37434549.6854788,
					"contender-MEM_LOAD_UOPS_RETIRED/L1_MISS": 11732672.73876235,
					"contender-MEM_LOAD_UOPS_RETIRED/L2_MISS": 5046292.391334302,
					"contender-MEM_LOAD_UOPS_RETIRED/L3_MISS": 1218586.063020958,
					"contender-MEM_UOPS_RETIRED/ALL_LOADS": 2788598482.564528,
					"contender-cpu-cycles": 7341365850.006659,
					"contender-dTLB-load-misses": 656586.591524904,
					"contender-iTLB-load-misses": 148175.65814583152,
					"contender-instructions": 11348555346.437128,
					"contender-stalled-cycles": 3605012152.011545,
					"contender_tput": 0.0,
					"cpu-cycles": 2096071591.2291474,
					"dTLB-load-misses": 38358.15494526607,
					"iTLB-load-misses": 7371.92206680491,
					"instructions": 4435660295.112396,
					"intel_cqm/local_bytes": 2554.236033967089,
					"mean": 25.7,
					"mite_throughput": 4.6,
					"mite_tput_limit": 4.6,
					"stalled-cycles": 705833468.5469619
				}
			]
		}
	},
	"legend": {
		"args": {},
		"samples": {
			"50tail-latency": {
				"description": "Median tail RTT",
				"unit": "us"
			},
			"95tail-latency": {
				"description": "95th percentile tail RTT",
				"unit": "us"
			},
			"999tail-latency": {
				"description": "99.9th percentile tail RTT",
				"unit": "us"
			},
			"99tail-latency": {
				"description": "99th percentile tail RTT",
				"unit": "us"
			},
			"contender_tput": {
				"description": "Contender throughput",
				"unit": "MB/s"
			},
			"intel_cqm/local_bytes": {
				"description": "System-wide memory bandwidth usage",
				"unit": "MB/s"
			},
			"mean": {
				"description": "Mean RTT",
				"unit": "us"
			},
			"mite_throughput": {
				"description": "Mite Throughput",
				"unit": "Mops"
			},
			"mite_tput_limit": {
				"description": "Mite Throughput",
				"unit": "Mops"
			},
			"perf_data": {
				"description": "Perf datafile",
				"unit": "all ur base64s are belong to me"
			}
		}
	},
	"meta": {
		"command": "DEFAULT_NUM_TRASH=4 DEFAULT_MITE_TPUT_LIMIT_LOOP='3.6 3.7 3.8 3.9 4.0 4.1 4.2 4.3 4.4 4.5 4.6' DEFAULT_TABLE_ENTRIES=44179790 DEFAULT_CACHE_WAYS=0x7f DEFAULT_ZIPF_ALPHA=0.99 WARMUP_DURATION=60 MAIN_DURATION=60 ./network_rtt -l contender_duration,mica_interval,hadoop_short wimpy catbench ''",
	}
}
