{
	"data": {
		"allocation": {
			"description": "Allocation",
			"samples": [
				{
					"50tail-latency": 164.0,
					"95tail-latency": 230.0,
					"999tail-latency": 752.0,
					"99tail-latency": 240.0,
					"L1-dcache-load-misses": 233552.25692583158,
					"L1-icache-load-misses": 330100.6736598895,
					"L2_RQSTS/ALL_CODE_RD": 940961.949679399,
					"L2_RQSTS/ALL_DEMAND_DATA_RD": 197467.77413646338,
					"L2_RQSTS/ALL_DEMAND_MISS": 748538.7024982056,
					"L2_RQSTS/ALL_DEMAND_REFERENCES": 1127138.5825508886,
					"L2_RQSTS/CODE_RD_MISS": 627244.4778675741,
					"L2_RQSTS/DEMAND_DATA_RD_MISS": 118677.22514214838,
					"L2_RQSTS/MISS": 597501.5110211546,
					"L2_RQSTS/REFERENCES": 865171.9816440645,
					"L2_TRANS/CODE_RD": 1097195.0469822013,
					"L2_TRANS/DEMAND_DATA_RD": 240386.83074342206,
					"LLC_MISS": 4350.237868774075,
					"LLC_REFERENCE": 500805.1934869438,
					"MEM_LOAD_UOPS_RETIRED/L1_MISS": 120691.85597424189,
					"MEM_LOAD_UOPS_RETIRED/L2_MISS": 71826.12721779975,
					"MEM_LOAD_UOPS_RETIRED/L3_MISS": 886.2454441410978,
					"MEM_UOPS_RETIRED/ALL_LOADS": 2024091.6802537816,
					"contender-L1-dcache-load-misses": 10374268.430388577,
					"contender-L1-icache-load-misses": 10207276.999070624,
					"contender-L2_RQSTS/ALL_CODE_RD": 22474460.527922753,
					"contender-L2_RQSTS/ALL_DEMAND_DATA_RD": 6163345.165483469,
					"contender-L2_RQSTS/ALL_DEMAND_MISS": 18955943.719731517,
					"contender-L2_RQSTS/ALL_DEMAND_REFERENCES": 27123711.580894798,
					"contender-L2_RQSTS/CODE_RD_MISS": 13936536.87897442,
					"contender-L2_RQSTS/DEMAND_DATA_RD_MISS": 4200539.403128643,
					"contender-L2_RQSTS/MISS": 19161082.29516594,
					"contender-L2_RQSTS/REFERENCES": 27497337.654755555,
					"contender-L2_TRANS/CODE_RD": 21490579.68725879,
					"contender-L2_TRANS/DEMAND_DATA_RD": 5446420.797290728,
					"contender-LLC_MISS": 77055.9856348514,
					"contender-LLC_REFERENCE": 18512352.12065623,
					"contender-MEM_LOAD_UOPS_RETIRED/L1_MISS": 5044899.936907075,
					"contender-MEM_LOAD_UOPS_RETIRED/L2_MISS": 2777775.276879589,
					"contender-MEM_LOAD_UOPS_RETIRED/L3_MISS": 154667.9656550479,
					"contender-MEM_UOPS_RETIRED/ALL_LOADS": 160214673.46343088,
					"contender-cpu-cycles": 642677143.3008349,
					"contender-dTLB-load-misses": 970862.9202921633,
					"contender-iTLB-load-misses": 677979.0897471125,
					"contender-instructions": 371189506.72356343,
					"contender-stalled-cycles": 513086646.5446187,
					"contender_tput": 0.0,
					"cpu-cycles": 15606217.002085177,
					"dTLB-load-misses": 26897.73969543839,
					"iTLB-load-misses": 24744.31729500435,
					"instructions": 5527436.317560803,
					"intel_cqm/local_bytes": 0.0,
					"mean": 167.99,
					"mite_throughput": 0.0,
					"mite_tput_limit": 0.001,
					"stalled-cycles": 13770195.18431828
				},
				{
					"50tail-latency": 140.0,
					"95tail-latency": 206.0,
					"999tail-latency": 1048.0,
					"99tail-latency": 232.0,
					"L1-dcache-load-misses": 227511.59752175765,
					"L1-icache-load-misses": 320086.79093029577,
					"L2_RQSTS/ALL_CODE_RD": 2907273.810206127,
					"L2_RQSTS/ALL_DEMAND_DATA_RD": 816849.2752886437,
					"L2_RQSTS/ALL_DEMAND_MISS": 910418.2179219734,
					"L2_RQSTS/ALL_DEMAND_REFERENCES": 1292170.6263728845,
					"L2_RQSTS/CODE_RD_MISS": 794335.389726374,
					"L2_RQSTS/DEMAND_DATA_RD_MISS": 568618.8345543318,
					"L2_RQSTS/MISS": 925477.9905490802,
					"L2_RQSTS/REFERENCES": 1223658.2423183247,
					"L2_TRANS/CODE_RD": 1592125.3830078656,
					"L2_TRANS/DEMAND_DATA_RD": 567434.9479778633,
					"LLC_MISS": 919.2180329323753,
					"LLC_REFERENCE": 905868.8339708769,
					"MEM_LOAD_UOPS_RETIRED/L1_MISS": 275691.872437078,
					"MEM_LOAD_UOPS_RETIRED/L2_MISS": 239409.26011557697,
					"MEM_LOAD_UOPS_RETIRED/L3_MISS": 1207.9021827343806,
					"MEM_UOPS_RETIRED/ALL_LOADS": 2969197.4712754465,
					"contender-L1-dcache-load-misses": 15119987.702008843,
					"contender-L1-icache-load-misses": 14666846.833621955,
					"contender-L2_RQSTS/ALL_CODE_RD": 36783734.714958295,
					"contender-L2_RQSTS/ALL_DEMAND_DATA_RD": 11313309.727788853,
					"contender-L2_RQSTS/ALL_DEMAND_MISS": 30950022.14387132,
					"contender-L2_RQSTS/ALL_DEMAND_REFERENCES": 49348388.53846817,
					"contender-L2_RQSTS/CODE_RD_MISS": 22347679.513799395,
					"contender-L2_RQSTS/DEMAND_DATA_RD_MISS": 6479943.551347285,
					"contender-L2_RQSTS/MISS": 32301303.29288301,
					"contender-L2_RQSTS/REFERENCES": 50400895.33929906,
					"contender-L2_TRANS/CODE_RD": 37342789.54134836,
					"contender-L2_TRANS/DEMAND_DATA_RD": 11623764.273108112,
					"contender-LLC_MISS": 412828.76858372806,
					"contender-LLC_REFERENCE": 31860561.102324106,
					"contender-MEM_LOAD_UOPS_RETIRED/L1_MISS": 8425141.077679088,
					"contender-MEM_LOAD_UOPS_RETIRED/L2_MISS": 4341595.62568909,
					"contender-MEM_LOAD_UOPS_RETIRED/L3_MISS": 144536.51849932031,
					"contender-MEM_UOPS_RETIRED/ALL_LOADS": 256448239.18311062,
					"contender-cpu-cycles": 1017296081.0388474,
					"contender-dTLB-load-misses": 1275136.2740361167,
					"contender-iTLB-load-misses": 1220802.372671144,
					"contender-instructions": 622607898.4789317,
					"contender-stalled-cycles": 733617902.7098869,
					"contender_tput": 0.0,
					"cpu-cycles": 23326509.581479352,
					"dTLB-load-misses": 29130.26790093317,
					"iTLB-load-misses": 42304.732623739095,
					"instructions": 5521005.527524854,
					"intel_cqm/local_bytes": 0.0,
					"mean": 144.67,
					"mite_throughput": 0.0,
					"mite_tput_limit": 0.002,
					"stalled-cycles": 17294155.649724398
				},
				{
					"50tail-latency": 116.0,
					"95tail-latency": 174.0,
					"999tail-latency": 1632.0,
					"99tail-latency": 226.0,
					"L1-dcache-load-misses": 691577.7971412232,
					"L1-icache-load-misses": 833087.5378677457,
					"L2_RQSTS/ALL_CODE_RD": 1633665.6828609137,
					"L2_RQSTS/ALL_DEMAND_DATA_RD": 532104.9064104888,
					"L2_RQSTS/ALL_DEMAND_MISS": 1438542.2494955065,
					"L2_RQSTS/ALL_DEMAND_REFERENCES": 2864733.3841877296,
					"L2_RQSTS/CODE_RD_MISS": 916016.8064470277,
					"L2_RQSTS/DEMAND_DATA_RD_MISS": 365782.6331278995,
					"L2_RQSTS/MISS": 1911076.441513916,
					"L2_RQSTS/REFERENCES": 3578538.7162336665,
					"L2_TRANS/CODE_RD": 1577876.7365602613,
					"L2_TRANS/DEMAND_DATA_RD": 432456.956839826,
					"LLC_MISS": 5636.712587528523,
					"LLC_REFERENCE": 1942520.2350235016,
					"MEM_LOAD_UOPS_RETIRED/L1_MISS": 344075.97326249286,
					"MEM_LOAD_UOPS_RETIRED/L2_MISS": 222377.86785455604,
					"MEM_LOAD_UOPS_RETIRED/L3_MISS": 2271.975767635784,
					"MEM_UOPS_RETIRED/ALL_LOADS": 5468471.109172646,
					"contender-L1-dcache-load-misses": 20360792.795996975,
					"contender-L1-icache-load-misses": 18363073.5532706,
					"contender-L2_RQSTS/ALL_CODE_RD": 41054837.46726156,
					"contender-L2_RQSTS/ALL_DEMAND_DATA_RD": 14361973.346603632,
					"contender-L2_RQSTS/ALL_DEMAND_MISS": 30021841.41992685,
					"contender-L2_RQSTS/ALL_DEMAND_REFERENCES": 56233565.73106481,
					"contender-L2_RQSTS/CODE_RD_MISS": 20464617.351844665,
					"contender-L2_RQSTS/DEMAND_DATA_RD_MISS": 7591561.578649327,
					"contender-L2_RQSTS/MISS": 34454226.65600021,
					"contender-L2_RQSTS/REFERENCES": 63686721.454237744,
					"contender-L2_TRANS/CODE_RD": 40337596.84425686,
					"contender-L2_TRANS/DEMAND_DATA_RD": 13422133.421745155,
					"contender-LLC_MISS": 525504.6164052532,
					"contender-LLC_REFERENCE": 34160414.37874065,
					"contender-MEM_LOAD_UOPS_RETIRED/L1_MISS": 11184388.004864216,
					"contender-MEM_LOAD_UOPS_RETIRED/L2_MISS": 5211220.9472715575,
					"contender-MEM_LOAD_UOPS_RETIRED/L3_MISS": 189059.91792373097,
					"contender-MEM_UOPS_RETIRED/ALL_LOADS": 344023794.0050576,
					"contender-cpu-cycles": 1180933256.20017,
					"contender-dTLB-load-misses": 1368570.0994615823,
					"contender-iTLB-load-misses": 1078573.7080225751,
					"contender-instructions": 892961066.152112,
					"contender-stalled-cycles": 822302180.5542816,
					"contender_tput": 0.0,
					"cpu-cycles": 50036250.824204214,
					"dTLB-load-misses": 50591.62369063768,
					"iTLB-load-misses": 49503.99685975386,
					"instructions": 22036129.475722723,
					"intel_cqm/local_bytes": 341.0774572539378,
					"mean": 123.81,
					"mite_throughput": 0.0,
					"mite_tput_limit": 0.003,
					"stalled-cycles": 33106674.733879905
				},
				{
					"50tail-latency": 89.0,
					"95tail-latency": 128.0,
					"999tail-latency": 2456.0,
					"99tail-latency": 156.0,
					"L1-dcache-load-misses": 721213.7538186085,
					"L1-icache-load-misses": 971334.0432363235,
					"L2_RQSTS/ALL_CODE_RD": 1946935.7273521142,
					"L2_RQSTS/ALL_DEMAND_DATA_RD": 545174.6026120132,
					"L2_RQSTS/ALL_DEMAND_MISS": 1430937.5523973338,
					"L2_RQSTS/ALL_DEMAND_REFERENCES": 3086495.7058607126,
					"L2_RQSTS/CODE_RD_MISS": 916188.2532185658,
					"L2_RQSTS/DEMAND_DATA_RD_MISS": 352712.9254039979,
					"L2_RQSTS/MISS": 1513077.0114557163,
					"L2_RQSTS/REFERENCES": 3286096.0636581737,
					"L2_TRANS/CODE_RD": 2105210.734381785,
					"L2_TRANS/DEMAND_DATA_RD": 564289.8048158183,
					"LLC_MISS": 2820.1970016859536,
					"LLC_REFERENCE": 1528117.1788704272,
					"MEM_LOAD_UOPS_RETIRED/L1_MISS": 498616.261952904,
					"MEM_LOAD_UOPS_RETIRED/L2_MISS": 268658.50140753953,
					"MEM_LOAD_UOPS_RETIRED/L3_MISS": 3221.142268059886,
					"MEM_UOPS_RETIRED/ALL_LOADS": 7783582.750345543,
					"contender-L1-dcache-load-misses": 21975516.089671127,
					"contender-L1-icache-load-misses": 21463342.379415385,
					"contender-L2_RQSTS/ALL_CODE_RD": 50652516.81701284,
					"contender-L2_RQSTS/ALL_DEMAND_DATA_RD": 14031972.90479658,
					"contender-L2_RQSTS/ALL_DEMAND_MISS": 31839392.34143788,
					"contender-L2_RQSTS/ALL_DEMAND_REFERENCES": 69063456.4246778,
					"contender-L2_RQSTS/CODE_RD_MISS": 21465448.625552416,
					"contender-L2_RQSTS/DEMAND_DATA_RD_MISS": 7108220.507612775,
					"contender-L2_RQSTS/MISS": 34172633.28495845,
					"contender-L2_RQSTS/REFERENCES": 72048399.2030951,
					"contender-L2_TRANS/CODE_RD": 50401193.85740743,
					"contender-L2_TRANS/DEMAND_DATA_RD": 14865478.990308309,
					"contender-LLC_MISS": 333220.79159083014,
					"contender-LLC_REFERENCE": 32616054.95418687,
					"contender-MEM_LOAD_UOPS_RETIRED/L1_MISS": 11796325.616318261,
					"contender-MEM_LOAD_UOPS_RETIRED/L2_MISS": 5274784.750484305,
					"contender-MEM_LOAD_UOPS_RETIRED/L3_MISS": 142434.27397363356,
					"contender-MEM_UOPS_RETIRED/ALL_LOADS": 329754336.5674862,
					"contender-cpu-cycles": 1290131709.2597008,
					"contender-dTLB-load-misses": 1194024.7743358028,
					"contender-iTLB-load-misses": 1145237.469471767,
					"contender-instructions": 1007457151.3648432,
					"contender-stalled-cycles": 875463439.7943757,
					"contender_tput": 0.0,
					"cpu-cycles": 51165546.903961025,
					"dTLB-load-misses": 43564.91410408706,
					"iTLB-load-misses": 48936.520760360705,
					"instructions": 24756855.350861482,
					"intel_cqm/local_bytes": 0.0,
					"mean": 100.44,
					"mite_throughput": 0.0,
					"mite_tput_limit": 0.004,
					"stalled-cycles": 36001972.3122008
				},
				{
					"50tail-latency": 87.0,
					"95tail-latency": 127.0,
					"999tail-latency": 3160.0,
					"99tail-latency": 160.0,
					"L1-dcache-load-misses": 925129.6741809091,
					"L1-icache-load-misses": 1337322.741565523,
					"L2_RQSTS/ALL_CODE_RD": 2757019.9353943714,
					"L2_RQSTS/ALL_DEMAND_DATA_RD": 818517.2221078223,
					"L2_RQSTS/ALL_DEMAND_MISS": 1982111.304784217,
					"L2_RQSTS/ALL_DEMAND_REFERENCES": 4340108.446068261,
					"L2_RQSTS/CODE_RD_MISS": 1193995.302004975,
					"L2_RQSTS/DEMAND_DATA_RD_MISS": 441255.41409905045,
					"L2_RQSTS/MISS": 2079376.3259481417,
					"L2_RQSTS/REFERENCES": 4109516.4561734805,
					"L2_TRANS/CODE_RD": 3041221.318856644,
					"L2_TRANS/DEMAND_DATA_RD": 701829.6045552436,
					"LLC_MISS": 7549.293851794255,
					"LLC_REFERENCE": 1794715.0155623811,
					"MEM_LOAD_UOPS_RETIRED/L1_MISS": 679480.6672191247,
					"MEM_LOAD_UOPS_RETIRED/L2_MISS": 345141.6180144073,
					"MEM_LOAD_UOPS_RETIRED/L3_MISS": 1685.6810325032234,
					"MEM_UOPS_RETIRED/ALL_LOADS": 11593997.213790521,
					"contender-L1-dcache-load-misses": 19200929.167259526,
					"contender-L1-icache-load-misses": 23281971.890433397,
					"contender-L2_RQSTS/ALL_CODE_RD": 56041446.230740756,
					"contender-L2_RQSTS/ALL_DEMAND_DATA_RD": 13826218.833256364,
					"contender-L2_RQSTS/ALL_DEMAND_MISS": 31855505.279488485,
					"contender-L2_RQSTS/ALL_DEMAND_REFERENCES": 70423105.74207044,
					"contender-L2_RQSTS/CODE_RD_MISS": 22540219.734571032,
					"contender-L2_RQSTS/DEMAND_DATA_RD_MISS": 6852327.349239148,
					"contender-L2_RQSTS/MISS": 33861781.38001326,
					"contender-L2_RQSTS/REFERENCES": 74866453.29070598,
					"contender-L2_TRANS/CODE_RD": 55025708.9651919,
					"contender-L2_TRANS/DEMAND_DATA_RD": 13797456.424481587,
					"contender-LLC_MISS": 163963.53417332738,
					"contender-LLC_REFERENCE": 34099010.594055966,
					"contender-MEM_LOAD_UOPS_RETIRED/L1_MISS": 11948574.206969175,
					"contender-MEM_LOAD_UOPS_RETIRED/L2_MISS": 5237555.554305198,
					"contender-MEM_LOAD_UOPS_RETIRED/L3_MISS": 141678.5261827132,
					"contender-MEM_UOPS_RETIRED/ALL_LOADS": 302712550.4342312,
					"contender-cpu-cycles": 1214069036.6645606,
					"contender-dTLB-load-misses": 969702.6713233268,
					"contender-iTLB-load-misses": 1450639.6595333596,
					"contender-instructions": 783888296.6971365,
					"contender-stalled-cycles": 865030051.561417,
					"contender_tput": 0.0,
					"cpu-cycles": 57541679.32847944,
					"dTLB-load-misses": 46700.88375133905,
					"iTLB-load-misses": 89128.93541802978,
					"instructions": 32699610.13932451,
					"intel_cqm/local_bytes": 0.0,
					"mean": 97.6,
					"mite_throughput": 0.0,
					"mite_tput_limit": 0.005,
					"stalled-cycles": 43404481.65947793
				},
				{
					"50tail-latency": 87.0,
					"95tail-latency": 122.0,
					"999tail-latency": 3000.0,
					"99tail-latency": 144.0,
					"L1-dcache-load-misses": 984797.3587110452,
					"L1-icache-load-misses": 1266544.5044151652,
					"L2_RQSTS/ALL_CODE_RD": 3377295.935260951,
					"L2_RQSTS/ALL_DEMAND_DATA_RD": 743504.11886221,
					"L2_RQSTS/ALL_DEMAND_MISS": 1945292.9915530216,
					"L2_RQSTS/ALL_DEMAND_REFERENCES": 4099366.8345776657,
					"L2_RQSTS/CODE_RD_MISS": 1268702.964742483,
					"L2_RQSTS/DEMAND_DATA_RD_MISS": 413815.20412465074,
					"L2_RQSTS/MISS": 2098155.27781073,
					"L2_RQSTS/REFERENCES": 5016337.823805881,
					"L2_TRANS/CODE_RD": 3415947.9772502985,
					"L2_TRANS/DEMAND_DATA_RD": 886642.0709626528,
					"LLC_MISS": 19787.211355433203,
					"LLC_REFERENCE": 2333916.2208629823,
					"MEM_LOAD_UOPS_RETIRED/L1_MISS": 625445.6803608149,
					"MEM_LOAD_UOPS_RETIRED/L2_MISS": 276852.5155941678,
					"MEM_LOAD_UOPS_RETIRED/L3_MISS": 3202.743043995144,
					"MEM_UOPS_RETIRED/ALL_LOADS": 10686231.166168662,
					"contender-L1-dcache-load-misses": 25474143.979801316,
					"contender-L1-icache-load-misses": 28381743.743214056,
					"contender-L2_RQSTS/ALL_CODE_RD": 68463077.18501587,
					"contender-L2_RQSTS/ALL_DEMAND_DATA_RD": 17471145.826730825,
					"contender-L2_RQSTS/ALL_DEMAND_MISS": 39307506.03601621,
					"contender-L2_RQSTS/ALL_DEMAND_REFERENCES": 88757647.95685308,
					"contender-L2_RQSTS/CODE_RD_MISS": 27001425.423548523,
					"contender-L2_RQSTS/DEMAND_DATA_RD_MISS": 8788169.732025113,
					"contender-L2_RQSTS/MISS": 42409743.86630195,
					"contender-L2_RQSTS/REFERENCES": 96177164.36325753,
					"contender-L2_TRANS/CODE_RD": 66963003.902207084,
					"contender-L2_TRANS/DEMAND_DATA_RD": 17316036.800575938,
					"contender-LLC_MISS": 296395.09482072986,
					"contender-LLC_REFERENCE": 42107435.36532205,
					"contender-MEM_LOAD_UOPS_RETIRED/L1_MISS": 13728355.909464138,
					"contender-MEM_LOAD_UOPS_RETIRED/L2_MISS": 6278301.396995374,
					"contender-MEM_LOAD_UOPS_RETIRED/L3_MISS": 164082.5698990388,
					"contender-MEM_UOPS_RETIRED/ALL_LOADS": 364564842.51422447,
					"contender-cpu-cycles": 1538519585.3683176,
					"contender-dTLB-load-misses": 1202482.6871714082,
					"contender-iTLB-load-misses": 1026809.3244419497,
					"contender-instructions": 1113233284.08167,
					"contender-stalled-cycles": 1063512539.275651,
					"contender_tput": 0.0,
					"cpu-cycles": 69186369.75432755,
					"dTLB-load-misses": 44897.53170869233,
					"iTLB-load-misses": 46776.08120473582,
					"instructions": 38028594.93857318,
					"intel_cqm/local_bytes": 0.0,
					"mean": 95.83,
					"mite_throughput": 0.0,
					"mite_tput_limit": 0.006,
					"stalled-cycles": 48205845.027421266
				},
				{
					"50tail-latency": 85.0,
					"95tail-latency": 119.0,
					"999tail-latency": 3504.0,
					"99tail-latency": 134.0,
					"L1-dcache-load-misses": 1410650.977636449,
					"L1-icache-load-misses": 2043411.6720721095,
					"L2_RQSTS/ALL_CODE_RD": 5064206.238692601,
					"L2_RQSTS/ALL_DEMAND_DATA_RD": 1251617.457751668,
					"L2_RQSTS/ALL_DEMAND_MISS": 2758405.8533016127,
					"L2_RQSTS/ALL_DEMAND_REFERENCES": 6805776.209105585,
					"L2_RQSTS/CODE_RD_MISS": 1599976.0681603912,
					"L2_RQSTS/DEMAND_DATA_RD_MISS": 568078.4488961652,
					"L2_RQSTS/MISS": 2976671.769268395,
					"L2_RQSTS/REFERENCES": 6672513.337548886,
					"L2_TRANS/CODE_RD": 4466897.140408824,
					"L2_TRANS/DEMAND_DATA_RD": 1122056.2176175981,
					"LLC_MISS": 8178.666107784525,
					"LLC_REFERENCE": 2492546.5396475084,
					"MEM_LOAD_UOPS_RETIRED/L1_MISS": 867530.0138861773,
					"MEM_LOAD_UOPS_RETIRED/L2_MISS": 368678.24998353305,
					"MEM_LOAD_UOPS_RETIRED/L3_MISS": 6417.695819349548,
					"MEM_UOPS_RETIRED/ALL_LOADS": 16021021.338123977,
					"contender-L1-dcache-load-misses": 26155785.43146912,
					"contender-L1-icache-load-misses": 30644683.355946116,
					"contender-L2_RQSTS/ALL_CODE_RD": 73296923.12102218,
					"contender-L2_RQSTS/ALL_DEMAND_DATA_RD": 18125321.21187799,
					"contender-L2_RQSTS/ALL_DEMAND_MISS": 41346839.09824516,
					"contender-L2_RQSTS/ALL_DEMAND_REFERENCES": 94539475.08451779,
					"contender-L2_RQSTS/CODE_RD_MISS": 29041333.074613847,
					"contender-L2_RQSTS/DEMAND_DATA_RD_MISS": 8738125.689404218,
					"contender-L2_RQSTS/MISS": 44123320.02887958,
					"contender-L2_RQSTS/REFERENCES": 100544127.56371388,
					"contender-L2_TRANS/CODE_RD": 73225613.01589996,
					"contender-L2_TRANS/DEMAND_DATA_RD": 18195370.831260983,
					"contender-LLC_MISS": 275177.7331264152,
					"contender-LLC_REFERENCE": 44152478.30508784,
					"contender-MEM_LOAD_UOPS_RETIRED/L1_MISS": 15695344.018405749,
					"contender-MEM_LOAD_UOPS_RETIRED/L2_MISS": 6499026.380345164,
					"contender-MEM_LOAD_UOPS_RETIRED/L3_MISS": 113990.4072977709,
					"contender-MEM_UOPS_RETIRED/ALL_LOADS": 386303713.6596132,
					"contender-cpu-cycles": 1573899232.5932286,
					"contender-dTLB-load-misses": 1006436.0060681119,
					"contender-iTLB-load-misses": 848670.4245382878,
					"contender-instructions": 1070447114.5793825,
					"contender-stalled-cycles": 1108975723.3593283,
					"contender_tput": 0.0,
					"cpu-cycles": 88732280.15573595,
					"dTLB-load-misses": 46327.28108287447,
					"iTLB-load-misses": 52655.71112723423,
					"instructions": 48479306.84526199,
					"intel_cqm/local_bytes": 0.0,
					"mean": 94.5,
					"mite_throughput": 0.0,
					"mite_tput_limit": 0.007,
					"stalled-cycles": 61474249.38099071
				},
				{
					"50tail-latency": 84.0,
					"95tail-latency": 115.0,
					"999tail-latency": 3032.0,
					"99tail-latency": 130.0,
					"L1-dcache-load-misses": 1453739.6504957667,
					"L1-icache-load-misses": 1900757.5660258424,
					"L2_RQSTS/ALL_CODE_RD": 4414931.74901332,
					"L2_RQSTS/ALL_DEMAND_DATA_RD": 971453.2318397764,
					"L2_RQSTS/ALL_DEMAND_MISS": 2507414.54944706,
					"L2_RQSTS/ALL_DEMAND_REFERENCES": 5493379.2156703845,
					"L2_RQSTS/CODE_RD_MISS": 1746213.1540562694,
					"L2_RQSTS/DEMAND_DATA_RD_MISS": 541738.262008794,
					"L2_RQSTS/MISS": 2749358.1109156846,
					"L2_RQSTS/REFERENCES": 6207937.218058285,
					"L2_TRANS/CODE_RD": 4767621.41855456,
					"L2_TRANS/DEMAND_DATA_RD": 1030830.0344144148,
					"LLC_MISS": 6067.535590805339,
					"LLC_REFERENCE": 2775158.8863699576,
					"MEM_LOAD_UOPS_RETIRED/L1_MISS": 886526.1210439461,
					"MEM_LOAD_UOPS_RETIRED/L2_MISS": 424774.37113611045,
					"MEM_LOAD_UOPS_RETIRED/L3_MISS": 7867.354696246532,
					"MEM_UOPS_RETIRED/ALL_LOADS": 13467187.124258514,
					"contender-L1-dcache-load-misses": 26788608.282369327,
					"contender-L1-icache-load-misses": 34110092.007261224,
					"contender-L2_RQSTS/ALL_CODE_RD": 80812324.60026698,
					"contender-L2_RQSTS/ALL_DEMAND_DATA_RD": 19040694.65093959,
					"contender-L2_RQSTS/ALL_DEMAND_MISS": 43788293.32462766,
					"contender-L2_RQSTS/ALL_DEMAND_REFERENCES": 102677495.99716546,
					"contender-L2_RQSTS/CODE_RD_MISS": 31001028.493831117,
					"contender-L2_RQSTS/DEMAND_DATA_RD_MISS": 9303313.823640445,
					"contender-L2_RQSTS/MISS": 47510567.21711915,
					"contender-L2_RQSTS/REFERENCES": 109431728.25808412,
					"contender-L2_TRANS/CODE_RD": 80675959.43800642,
					"contender-L2_TRANS/DEMAND_DATA_RD": 18652379.827509984,
					"contender-LLC_MISS": 334689.82195750927,
					"contender-LLC_REFERENCE": 47046766.34044331,
					"contender-MEM_LOAD_UOPS_RETIRED/L1_MISS": 16032155.631417232,
					"contender-MEM_LOAD_UOPS_RETIRED/L2_MISS": 6899480.7273070095,
					"contender-MEM_LOAD_UOPS_RETIRED/L3_MISS": 65669.29484700743,
					"contender-MEM_UOPS_RETIRED/ALL_LOADS": 374214061.88005656,
					"contender-cpu-cycles": 1681701662.712961,
					"contender-dTLB-load-misses": 961992.9585500717,
					"contender-iTLB-load-misses": 1163734.044315187,
					"contender-instructions": 1122419221.2664185,
					"contender-stalled-cycles": 1214304238.909954,
					"contender_tput": 0.0,
					"cpu-cycles": 89571676.43694037,
					"dTLB-load-misses": 50363.29524235438,
					"iTLB-load-misses": 52930.584381436536,
					"instructions": 52165111.790848814,
					"intel_cqm/local_bytes": 1.0601390938842303,
					"mean": 91.78,
					"mite_throughput": 0.0,
					"mite_tput_limit": 0.008,
					"stalled-cycles": 66463083.15586202
				}
			]
		},
		"basealloc": {
			"description": "Basealloc",
			"samples": []
		},
		"baseline": {
			"description": "Baseline",
			"samples": [
				{
					"50tail-latency": 162.0,
					"95tail-latency": 226.0,
					"999tail-latency": 250.0,
					"99tail-latency": 234.0,
					"L1-dcache-load-misses": 419702.1637533147,
					"L1-icache-load-misses": 517584.6965516703,
					"L2_RQSTS/ALL_CODE_RD": 1229290.6084545373,
					"L2_RQSTS/ALL_DEMAND_DATA_RD": 363375.3841903664,
					"L2_RQSTS/ALL_DEMAND_MISS": 1226762.011574921,
					"L2_RQSTS/ALL_DEMAND_REFERENCES": 1704969.7259590821,
					"L2_RQSTS/CODE_RD_MISS": 855115.0292551402,
					"L2_RQSTS/DEMAND_DATA_RD_MISS": 294511.09513494547,
					"L2_RQSTS/MISS": 1301520.3650316007,
					"L2_RQSTS/REFERENCES": 1787259.0589232638,
					"L2_TRANS/CODE_RD": 1233591.4079475307,
					"L2_TRANS/DEMAND_DATA_RD": 364364.6840951706,
					"LLC_MISS": 1931.540869755241,
					"LLC_REFERENCE": 1289308.9018629394,
					"MEM_LOAD_UOPS_RETIRED/L1_MISS": 274020.683635069,
					"MEM_LOAD_UOPS_RETIRED/L2_MISS": 218915.28275863916,
					"MEM_LOAD_UOPS_RETIRED/L3_MISS": 1164.3419049144961,
					"MEM_UOPS_RETIRED/ALL_LOADS": 3650068.9564002547,
					"contender-L1-dcache-load-misses": 14235354.15046881,
					"contender-L1-icache-load-misses": 7870672.123159382,
					"contender-L2_RQSTS/ALL_CODE_RD": 18771839.772838127,
					"contender-L2_RQSTS/ALL_DEMAND_DATA_RD": 7728095.513390262,
					"contender-L2_RQSTS/ALL_DEMAND_MISS": 17502091.00642287,
					"contender-L2_RQSTS/ALL_DEMAND_REFERENCES": 28401310.79052844,
					"contender-L2_RQSTS/CODE_RD_MISS": 13011035.605468255,
					"contender-L2_RQSTS/DEMAND_DATA_RD_MISS": 3057230.720453244,
					"contender-L2_RQSTS/MISS": 20828846.86498666,
					"contender-L2_RQSTS/REFERENCES": 38500780.847299315,
					"contender-L2_TRANS/CODE_RD": 18793487.4636435,
					"contender-L2_TRANS/DEMAND_DATA_RD": 7808760.428879008,
					"contender-LLC_MISS": 254096.7965375736,
					"contender-LLC_REFERENCE": 20812703.13863264,
					"contender-MEM_LOAD_UOPS_RETIRED/L1_MISS": 5958114.634955607,
					"contender-MEM_LOAD_UOPS_RETIRED/L2_MISS": 1902433.8124356337,
					"contender-MEM_LOAD_UOPS_RETIRED/L3_MISS": 18310.300466331908,
					"contender-MEM_UOPS_RETIRED/ALL_LOADS": 681306305.2588159,
					"contender-cpu-cycles": 1934931320.9984527,
					"contender-dTLB-load-misses": 677389.189074533,
					"contender-iTLB-load-misses": 603451.8031554047,
					"contender-instructions": 3051782357.6868277,
					"contender-stalled-cycles": 769604983.5782167,
					"contender_tput": 0.0,
					"cpu-cycles": 35604471.199669085,
					"dTLB-load-misses": 50343.42115830971,
					"iTLB-load-misses": 42347.77751500078,
					"instructions": 11855342.956561826,
					"intel_cqm/local_bytes": 0.0,
					"mean": 153.46,
					"mite_throughput": 0.0,
					"mite_tput_limit": 0.001,
					"stalled-cycles": 27064640.459738348
				},
				{
					"50tail-latency": 132.0,
					"95tail-latency": 224.0,
					"999tail-latency": 248.0,
					"99tail-latency": 234.0,
					"L1-dcache-load-misses": 606558.0509745287,
					"L1-icache-load-misses": 791524.6946452559,
					"L2_RQSTS/ALL_CODE_RD": 1766917.5212961573,
					"L2_RQSTS/ALL_DEMAND_DATA_RD": 448689.5281909624,
					"L2_RQSTS/ALL_DEMAND_MISS": 1646300.8777328173,
					"L2_RQSTS/ALL_DEMAND_REFERENCES": 2489804.2835458727,
					"L2_RQSTS/CODE_RD_MISS": 1200243.9825809505,
					"L2_RQSTS/DEMAND_DATA_RD_MISS": 318680.13707363233,
					"L2_RQSTS/MISS": 1783071.3015525271,
					"L2_RQSTS/REFERENCES": 2636854.2606516867,
					"L2_TRANS/CODE_RD": 1828512.6681342172,
					"L2_TRANS/DEMAND_DATA_RD": 472174.3101155926,
					"LLC_MISS": 1850.2065988893817,
					"LLC_REFERENCE": 1756877.4482975542,
					"MEM_LOAD_UOPS_RETIRED/L1_MISS": 301183.5582675598,
					"MEM_LOAD_UOPS_RETIRED/L2_MISS": 205057.3177820873,
					"MEM_LOAD_UOPS_RETIRED/L3_MISS": 1086.3726383650398,
					"MEM_UOPS_RETIRED/ALL_LOADS": 4620860.306402327,
					"contender-L1-dcache-load-misses": 8262465.46807447,
					"contender-L1-icache-load-misses": 11854127.331108874,
					"contender-L2_RQSTS/ALL_CODE_RD": 27206923.2156202,
					"contender-L2_RQSTS/ALL_DEMAND_DATA_RD": 6426748.890450766,
					"contender-L2_RQSTS/ALL_DEMAND_MISS": 23959269.34507519,
					"contender-L2_RQSTS/ALL_DEMAND_REFERENCES": 35400185.696760215,
					"contender-L2_RQSTS/CODE_RD_MISS": 17965877.934612244,
					"contender-L2_RQSTS/DEMAND_DATA_RD_MISS": 4560470.873702706,
					"contender-L2_RQSTS/MISS": 25444102.937696684,
					"contender-L2_RQSTS/REFERENCES": 37278842.887096986,
					"contender-L2_TRANS/CODE_RD": 27276211.384866226,
					"contender-L2_TRANS/DEMAND_DATA_RD": 6453457.38615739,
					"contender-LLC_MISS": 3047.8955826535143,
					"contender-LLC_REFERENCE": 25428243.166954692,
					"contender-MEM_LOAD_UOPS_RETIRED/L1_MISS": 4242739.358271666,
					"contender-MEM_LOAD_UOPS_RETIRED/L2_MISS": 2855033.500346555,
					"contender-MEM_LOAD_UOPS_RETIRED/L3_MISS": 698.4139190990552,
					"contender-MEM_UOPS_RETIRED/ALL_LOADS": 67311845.02471414,
					"contender-cpu-cycles": 701359294.1116899,
					"contender-dTLB-load-misses": 930583.7710245207,
					"contender-iTLB-load-misses": 1200748.2276212915,
					"contender-instructions": 229109499.37489006,
					"contender-stalled-cycles": 535117703.9429353,
					"contender_tput": 0.0,
					"cpu-cycles": 47731887.10055781,
					"dTLB-load-misses": 62858.35389038294,
					"iTLB-load-misses": 77138.70818747343,
					"instructions": 16892093.901539378,
					"intel_cqm/local_bytes": 0.0,
					"mean": 138.22,
					"mite_throughput": 0.0,
					"mite_tput_limit": 0.002,
					"stalled-cycles": 36674281.15543161
				},
				{
					"50tail-latency": 115.0,
					"95tail-latency": 170.0,
					"999tail-latency": 238.0,
					"99tail-latency": 202.0,
					"L1-dcache-load-misses": 798592.123548866,
					"L1-icache-load-misses": 931702.4101396023,
					"L2_RQSTS/ALL_CODE_RD": 2151280.880691643,
					"L2_RQSTS/ALL_DEMAND_DATA_RD": 604245.1671002456,
					"L2_RQSTS/ALL_DEMAND_MISS": 1681521.5953082494,
					"L2_RQSTS/ALL_DEMAND_REFERENCES": 2933930.6950568496,
					"L2_RQSTS/CODE_RD_MISS": 1170256.766488885,
					"L2_RQSTS/DEMAND_DATA_RD_MISS": 374494.7940463989,
					"L2_RQSTS/MISS": 1786137.038459545,
					"L2_RQSTS/REFERENCES": 3111020.7200712753,
					"L2_TRANS/CODE_RD": 2175141.589532713,
					"L2_TRANS/DEMAND_DATA_RD": 621709.2952139983,
					"LLC_MISS": 2389.244675856834,
					"LLC_REFERENCE": 1792306.7353917973,
					"MEM_LOAD_UOPS_RETIRED/L1_MISS": 439659.44372550043,
					"MEM_LOAD_UOPS_RETIRED/L2_MISS": 261974.0084515622,
					"MEM_LOAD_UOPS_RETIRED/L3_MISS": 1439.3192965109,
					"MEM_UOPS_RETIRED/ALL_LOADS": 6772288.365311903,
					"contender-L1-dcache-load-misses": 10831704.21873331,
					"contender-L1-icache-load-misses": 14063437.521725634,
					"contender-L2_RQSTS/ALL_CODE_RD": 32679334.524241637,
					"contender-L2_RQSTS/ALL_DEMAND_DATA_RD": 8128888.584704297,
					"contender-L2_RQSTS/ALL_DEMAND_MISS": 24285052.728413127,
					"contender-L2_RQSTS/ALL_DEMAND_REFERENCES": 43146341.36531171,
					"contender-L2_RQSTS/CODE_RD_MISS": 17585670.591098554,
					"contender-L2_RQSTS/DEMAND_DATA_RD_MISS": 4891979.900111626,
					"contender-L2_RQSTS/MISS": 26019913.163281538,
					"contender-L2_RQSTS/REFERENCES": 45580102.77548429,
					"contender-L2_TRANS/CODE_RD": 32696737.489960693,
					"contender-L2_TRANS/DEMAND_DATA_RD": 8156668.990074001,
					"contender-LLC_MISS": 2993.944639832088,
					"contender-LLC_REFERENCE": 25973694.854417726,
					"contender-MEM_LOAD_UOPS_RETIRED/L1_MISS": 5873800.037097812,
					"contender-MEM_LOAD_UOPS_RETIRED/L2_MISS": 3294364.2388772382,
					"contender-MEM_LOAD_UOPS_RETIRED/L3_MISS": 818.428518039359,
					"contender-MEM_UOPS_RETIRED/ALL_LOADS": 95625264.54482429,
					"contender-cpu-cycles": 772332757.35244,
					"contender-dTLB-load-misses": 856995.9563569766,
					"contender-iTLB-load-misses": 942841.4095019385,
					"contender-instructions": 327950857.8185378,
					"contender-stalled-cycles": 573960256.1657054,
					"contender_tput": 0.0,
					"cpu-cycles": 51851590.90428222,
					"dTLB-load-misses": 60234.97961814476,
					"iTLB-load-misses": 61768.87549079704,
					"instructions": 23487354.354162313,
					"intel_cqm/local_bytes": 0.0,
					"mean": 118.76,
					"mite_throughput": 0.0,
					"mite_tput_limit": 0.003,
					"stalled-cycles": 38429314.86145565
				},
				{
					"50tail-latency": 88.0,
					"95tail-latency": 130.0,
					"999tail-latency": 192.0,
					"99tail-latency": 180.0,
					"L1-dcache-load-misses": 801009.0932684734,
					"L1-icache-load-misses": 991253.092091456,
					"L2_RQSTS/ALL_CODE_RD": 2294280.389022219,
					"L2_RQSTS/ALL_DEMAND_DATA_RD": 602389.9718477437,
					"L2_RQSTS/ALL_DEMAND_MISS": 1439161.82276849,
					"L2_RQSTS/ALL_DEMAND_REFERENCES": 3280523.0390871847,
					"L2_RQSTS/CODE_RD_MISS": 923949.8903436477,
					"L2_RQSTS/DEMAND_DATA_RD_MISS": 326183.6434222843,
					"L2_RQSTS/MISS": 1595868.2246572752,
					"L2_RQSTS/REFERENCES": 3437863.8138635876,
					"L2_TRANS/CODE_RD": 2264731.0429551513,
					"L2_TRANS/DEMAND_DATA_RD": 606142.6961531842,
					"LLC_MISS": 2371.760318383402,
					"LLC_REFERENCE": 1545020.752072986,
					"MEM_LOAD_UOPS_RETIRED/L1_MISS": 482569.22206005803,
					"MEM_LOAD_UOPS_RETIRED/L2_MISS": 249396.59935354904,
					"MEM_LOAD_UOPS_RETIRED/L3_MISS": 1571.9143368351383,
					"MEM_UOPS_RETIRED/ALL_LOADS": 7833820.056875141,
					"contender-L1-dcache-load-misses": 12018645.081479235,
					"contender-L1-icache-load-misses": 17436153.487349927,
					"contender-L2_RQSTS/ALL_CODE_RD": 40630118.949195966,
					"contender-L2_RQSTS/ALL_DEMAND_DATA_RD": 9242540.672778463,
					"contender-L2_RQSTS/ALL_DEMAND_MISS": 23758100.747509576,
					"contender-L2_RQSTS/ALL_DEMAND_REFERENCES": 52908111.28743268,
					"contender-L2_RQSTS/CODE_RD_MISS": 16834810.97806038,
					"contender-L2_RQSTS/DEMAND_DATA_RD_MISS": 4715709.481953119,
					"contender-L2_RQSTS/MISS": 25614235.710505255,
					"contender-L2_RQSTS/REFERENCES": 55710886.497863196,
					"contender-L2_TRANS/CODE_RD": 40679979.41909957,
					"contender-L2_TRANS/DEMAND_DATA_RD": 9281520.165162181,
					"contender-LLC_MISS": 3574.6972013822387,
					"contender-LLC_REFERENCE": 25622857.897460047,
					"contender-MEM_LOAD_UOPS_RETIRED/L1_MISS": 7177314.635653667,
					"contender-MEM_LOAD_UOPS_RETIRED/L2_MISS": 3430750.7058435585,
					"contender-MEM_LOAD_UOPS_RETIRED/L3_MISS": 961.4764112647267,
					"contender-MEM_UOPS_RETIRED/ALL_LOADS": 126617445.34052306,
					"contender-cpu-cycles": 867418970.5225474,
					"contender-dTLB-load-misses": 672999.907051867,
					"contender-iTLB-load-misses": 1338688.6356953874,
					"contender-instructions": 434903014.8219436,
					"contender-stalled-cycles": 630911662.0654217,
					"contender_tput": 0.0,
					"cpu-cycles": 53946453.4977771,
					"dTLB-load-misses": 43986.54593844841,
					"iTLB-load-misses": 74050.42016917326,
					"instructions": 27455285.814795766,
					"intel_cqm/local_bytes": 0.0,
					"mean": 96.83,
					"mite_throughput": 0.0,
					"mite_tput_limit": 0.004,
					"stalled-cycles": 39032843.453332596
				},
				{
					"50tail-latency": 89.0,
					"95tail-latency": 138.0,
					"999tail-latency": 194.0,
					"99tail-latency": 180.0,
					"L1-dcache-load-misses": 1050026.027369368,
					"L1-icache-load-misses": 1401271.1379821913,
					"L2_RQSTS/ALL_CODE_RD": 3269241.2024276005,
					"L2_RQSTS/ALL_DEMAND_DATA_RD": 827447.7682219961,
					"L2_RQSTS/ALL_DEMAND_MISS": 1933342.729795777,
					"L2_RQSTS/ALL_DEMAND_REFERENCES": 4311400.62049474,
					"L2_RQSTS/CODE_RD_MISS": 1324016.6357644608,
					"L2_RQSTS/DEMAND_DATA_RD_MISS": 447898.9712871496,
					"L2_RQSTS/MISS": 2098706.9459399884,
					"L2_RQSTS/REFERENCES": 4529112.132797128,
					"L2_TRANS/CODE_RD": 3242670.1065801755,
					"L2_TRANS/DEMAND_DATA_RD": 832122.3688038519,
					"LLC_MISS": 3492.2037639039413,
					"LLC_REFERENCE": 2106467.1729231803,
					"MEM_LOAD_UOPS_RETIRED/L1_MISS": 664795.2474214796,
					"MEM_LOAD_UOPS_RETIRED/L2_MISS": 344452.55853429675,
					"MEM_LOAD_UOPS_RETIRED/L3_MISS": 2683.460260032293,
					"MEM_UOPS_RETIRED/ALL_LOADS": 11041571.766410762,
					"contender-L1-dcache-load-misses": 14720071.965093978,
					"contender-L1-icache-load-misses": 21986171.593685906,
					"contender-L2_RQSTS/ALL_CODE_RD": 50880054.7323903,
					"contender-L2_RQSTS/ALL_DEMAND_DATA_RD": 11308678.383011878,
					"contender-L2_RQSTS/ALL_DEMAND_MISS": 29310075.006353166,
					"contender-L2_RQSTS/ALL_DEMAND_REFERENCES": 65766720.059589125,
					"contender-L2_RQSTS/CODE_RD_MISS": 20916500.3002461,
					"contender-L2_RQSTS/DEMAND_DATA_RD_MISS": 5743566.341299006,
					"contender-L2_RQSTS/MISS": 31301229.417944126,
					"contender-L2_RQSTS/REFERENCES": 69039676.29127076,
					"contender-L2_TRANS/CODE_RD": 50875671.02734403,
					"contender-L2_TRANS/DEMAND_DATA_RD": 11354483.628910625,
					"contender-LLC_MISS": 3546.553277450672,
					"contender-LLC_REFERENCE": 31290365.26289271,
					"contender-MEM_LOAD_UOPS_RETIRED/L1_MISS": 8761978.408744672,
					"contender-MEM_LOAD_UOPS_RETIRED/L2_MISS": 4163847.82771428,
					"contender-MEM_LOAD_UOPS_RETIRED/L3_MISS": 1228.7407817967992,
					"contender-MEM_UOPS_RETIRED/ALL_LOADS": 155568829.02039996,
					"contender-cpu-cycles": 1062256732.6140019,
					"contender-dTLB-load-misses": 727743.8878708646,
					"contender-iTLB-load-misses": 1524883.9290774944,
					"contender-instructions": 539241430.935005,
					"contender-stalled-cycles": 771591895.1307379,
					"contender_tput": 0.0,
					"cpu-cycles": 71813057.12383965,
					"dTLB-load-misses": 51607.03768132551,
					"iTLB-load-misses": 97666.98749586969,
					"instructions": 37713643.64465363,
					"intel_cqm/local_bytes": 0.0,
					"mean": 100.53,
					"mite_throughput": 0.0,
					"mite_tput_limit": 0.005,
					"stalled-cycles": 51825874.914421536
				},
				{
					"50tail-latency": 85.0,
					"95tail-latency": 128.0,
					"999tail-latency": 196.0,
					"99tail-latency": 150.0,
					"L1-dcache-load-misses": 1185006.374402943,
					"L1-icache-load-misses": 1534977.6936115236,
					"L2_RQSTS/ALL_CODE_RD": 3732231.5820229445,
					"L2_RQSTS/ALL_DEMAND_DATA_RD": 922905.1252755072,
					"L2_RQSTS/ALL_DEMAND_MISS": 2159837.949330746,
					"L2_RQSTS/ALL_DEMAND_REFERENCES": 4857217.9660787145,
					"L2_RQSTS/CODE_RD_MISS": 1480665.5463732444,
					"L2_RQSTS/DEMAND_DATA_RD_MISS": 483870.875756316,
					"L2_RQSTS/MISS": 2286009.742847631,
					"L2_RQSTS/REFERENCES": 5209867.988616528,
					"L2_TRANS/CODE_RD": 3767603.016029135,
					"L2_TRANS/DEMAND_DATA_RD": 939037.0926610517,
					"LLC_MISS": 3821.4391249193295,
					"LLC_REFERENCE": 2332306.192571342,
					"MEM_LOAD_UOPS_RETIRED/L1_MISS": 752861.8328688082,
					"MEM_LOAD_UOPS_RETIRED/L2_MISS": 371285.90471206006,
					"MEM_LOAD_UOPS_RETIRED/L3_MISS": 2585.4797245567315,
					"MEM_UOPS_RETIRED/ALL_LOADS": 12599770.423507841,
					"contender-L1-dcache-load-misses": 17072974.443606947,
					"contender-L1-icache-load-misses": 24936917.290832058,
					"contender-L2_RQSTS/ALL_CODE_RD": 59004699.11024568,
					"contender-L2_RQSTS/ALL_DEMAND_DATA_RD": 12989644.67387116,
					"contender-L2_RQSTS/ALL_DEMAND_MISS": 33153192.635050487,
					"contender-L2_RQSTS/ALL_DEMAND_REFERENCES": 76305936.46105099,
					"contender-L2_RQSTS/CODE_RD_MISS": 23636710.462886445,
					"contender-L2_RQSTS/DEMAND_DATA_RD_MISS": 6412495.542363402,
					"contender-L2_RQSTS/MISS": 35534895.5748693,
					"contender-L2_RQSTS/REFERENCES": 80299840.55184409,
					"contender-L2_TRANS/CODE_RD": 58964704.752646536,
					"contender-L2_TRANS/DEMAND_DATA_RD": 13028854.008990366,
					"contender-LLC_MISS": 3908.300782231112,
					"contender-LLC_REFERENCE": 35552746.957373865,
					"contender-MEM_LOAD_UOPS_RETIRED/L1_MISS": 10273440.961897785,
					"contender-MEM_LOAD_UOPS_RETIRED/L2_MISS": 4715620.864933218,
					"contender-MEM_LOAD_UOPS_RETIRED/L3_MISS": 1033.517464585919,
					"contender-MEM_UOPS_RETIRED/ALL_LOADS": 184663367.90975133,
					"contender-cpu-cycles": 1186182486.667101,
					"contender-dTLB-load-misses": 723603.736877557,
					"contender-iTLB-load-misses": 918980.7154021071,
					"contender-instructions": 641536559.4607617,
					"contender-stalled-cycles": 850279455.5235403,
					"contender_tput": 0.0,
					"cpu-cycles": 79035414.90064408,
					"dTLB-load-misses": 50529.74243447668,
					"iTLB-load-misses": 56246.639963578775,
					"instructions": 43645395.53862358,
					"intel_cqm/local_bytes": 0.0,
					"mean": 92.2,
					"mite_throughput": 0.0,
					"mite_tput_limit": 0.006,
					"stalled-cycles": 55765187.9217763
				},
				{
					"50tail-latency": 83.0,
					"95tail-latency": 127.0,
					"999tail-latency": 178.0,
					"99tail-latency": 132.0,
					"L1-dcache-load-misses": 1403879.1596418836,
					"L1-icache-load-misses": 1865706.7902656584,
					"L2_RQSTS/ALL_CODE_RD": 4316946.217053663,
					"L2_RQSTS/ALL_DEMAND_DATA_RD": 1089882.7596079912,
					"L2_RQSTS/ALL_DEMAND_MISS": 2638071.5350194327,
					"L2_RQSTS/ALL_DEMAND_REFERENCES": 5847597.475023638,
					"L2_RQSTS/CODE_RD_MISS": 1788028.8120557729,
					"L2_RQSTS/DEMAND_DATA_RD_MISS": 578216.3882560846,
					"L2_RQSTS/MISS": 2666503.9967449238,
					"L2_RQSTS/REFERENCES": 6181114.641437367,
					"L2_TRANS/CODE_RD": 4529081.470226901,
					"L2_TRANS/DEMAND_DATA_RD": 1082080.9176184826,
					"LLC_MISS": 3747.0510773348287,
					"LLC_REFERENCE": 2811364.426954477,
					"MEM_LOAD_UOPS_RETIRED/L1_MISS": 841276.0326153567,
					"MEM_LOAD_UOPS_RETIRED/L2_MISS": 418790.26046753995,
					"MEM_LOAD_UOPS_RETIRED/L3_MISS": 2549.104007583767,
					"MEM_UOPS_RETIRED/ALL_LOADS": 14114281.939125592,
					"contender-L1-dcache-load-misses": 19706058.97853524,
					"contender-L1-icache-load-misses": 28687535.236857455,
					"contender-L2_RQSTS/ALL_CODE_RD": 68725920.64136447,
					"contender-L2_RQSTS/ALL_DEMAND_DATA_RD": 15022371.30912007,
					"contender-L2_RQSTS/ALL_DEMAND_MISS": 37807792.87098775,
					"contender-L2_RQSTS/ALL_DEMAND_REFERENCES": 88545986.42285031,
					"contender-L2_RQSTS/CODE_RD_MISS": 26821482.633019906,
					"contender-L2_RQSTS/DEMAND_DATA_RD_MISS": 7343667.63394264,
					"contender-L2_RQSTS/MISS": 40842058.2008834,
					"contender-L2_RQSTS/REFERENCES": 93069301.76087815,
					"contender-L2_TRANS/CODE_RD": 68466672.72311492,
					"contender-L2_TRANS/DEMAND_DATA_RD": 15084819.416738553,
					"contender-LLC_MISS": 3867.9610062852007,
					"contender-LLC_REFERENCE": 40740484.76037992,
					"contender-MEM_LOAD_UOPS_RETIRED/L1_MISS": 11924799.89242359,
					"contender-MEM_LOAD_UOPS_RETIRED/L2_MISS": 5333193.865997438,
					"contender-MEM_LOAD_UOPS_RETIRED/L3_MISS": 1210.2233339206305,
					"contender-MEM_UOPS_RETIRED/ALL_LOADS": 214059119.7893904,
					"contender-cpu-cycles": 1341737477.37652,
					"contender-dTLB-load-misses": 740947.4615008818,
					"contender-iTLB-load-misses": 738251.5193886262,
					"contender-instructions": 741610029.645808,
					"contender-stalled-cycles": 958003957.5475097,
					"contender_tput": 0.0,
					"cpu-cycles": 92580251.00961864,
					"dTLB-load-misses": 53870.704389443614,
					"iTLB-load-misses": 47905.80258013167,
					"instructions": 51515894.49816378,
					"intel_cqm/local_bytes": 0.0,
					"mean": 89.18,
					"mite_throughput": 0.0,
					"mite_tput_limit": 0.007,
					"stalled-cycles": 65423653.22093538
				},
				{
					"50tail-latency": 87.0,
					"95tail-latency": 130.0,
					"999tail-latency": 164.0,
					"99tail-latency": 132.0,
					"L1-dcache-load-misses": 1632346.2542293493,
					"L1-icache-load-misses": 2312775.9140159455,
					"L2_RQSTS/ALL_CODE_RD": 5276613.799050091,
					"L2_RQSTS/ALL_DEMAND_DATA_RD": 1262376.8175969713,
					"L2_RQSTS/ALL_DEMAND_MISS": 3012230.9824485183,
					"L2_RQSTS/ALL_DEMAND_REFERENCES": 6897430.295416428,
					"L2_RQSTS/CODE_RD_MISS": 2059299.487021835,
					"L2_RQSTS/DEMAND_DATA_RD_MISS": 683048.307437341,
					"L2_RQSTS/MISS": 3234519.2817761395,
					"L2_RQSTS/REFERENCES": 7210613.509562686,
					"L2_TRANS/CODE_RD": 5228042.635359955,
					"L2_TRANS/DEMAND_DATA_RD": 1267981.080715064,
					"LLC_MISS": 4168.717930516666,
					"LLC_REFERENCE": 3231137.1106377617,
					"MEM_LOAD_UOPS_RETIRED/L1_MISS": 1016569.506921772,
					"MEM_LOAD_UOPS_RETIRED/L2_MISS": 519046.56517906283,
					"MEM_LOAD_UOPS_RETIRED/L3_MISS": 2945.509302218753,
					"MEM_UOPS_RETIRED/ALL_LOADS": 17121382.114921816,
					"contender-L1-dcache-load-misses": 22440770.89050003,
					"contender-L1-icache-load-misses": 34706581.32826639,
					"contender-L2_RQSTS/ALL_CODE_RD": 78857001.86101075,
					"contender-L2_RQSTS/ALL_DEMAND_DATA_RD": 17094787.626639787,
					"contender-L2_RQSTS/ALL_DEMAND_MISS": 43702990.98526755,
					"contender-L2_RQSTS/ALL_DEMAND_REFERENCES": 101448416.15422128,
					"contender-L2_RQSTS/CODE_RD_MISS": 30896359.830957912,
					"contender-L2_RQSTS/DEMAND_DATA_RD_MISS": 8772499.740661517,
					"contender-L2_RQSTS/MISS": 46795681.12047663,
					"contender-L2_RQSTS/REFERENCES": 106444808.4715961,
					"contender-L2_TRANS/CODE_RD": 78850939.0106558,
					"contender-L2_TRANS/DEMAND_DATA_RD": 17182205.22192324,
					"contender-LLC_MISS": 4109.601037937659,
					"contender-LLC_REFERENCE": 46776609.38747812,
					"contender-MEM_LOAD_UOPS_RETIRED/L1_MISS": 13627498.445993481,
					"contender-MEM_LOAD_UOPS_RETIRED/L2_MISS": 6474664.549481662,
					"contender-MEM_LOAD_UOPS_RETIRED/L3_MISS": 1290.912697181232,
					"contender-MEM_UOPS_RETIRED/ALL_LOADS": 242308736.4049877,
					"contender-cpu-cycles": 1554609606.4913418,
					"contender-dTLB-load-misses": 763315.0884967806,
					"contender-iTLB-load-misses": 2290298.659817459,
					"contender-instructions": 841967248.063846,
					"contender-stalled-cycles": 1114709795.2802806,
					"contender_tput": 0.0,
					"cpu-cycles": 106642335.48793927,
					"dTLB-load-misses": 55841.58407908181,
					"iTLB-load-misses": 151562.456037463,
					"instructions": 59530954.783902116,
					"intel_cqm/local_bytes": 0.0,
					"mean": 92.44,
					"mite_throughput": 0.0,
					"mite_tput_limit": 0.008,
					"stalled-cycles": 76315621.39392199
				}
			]
		},
		"contention": {
			"description": "Contention",
			"samples": [
				{
					"50tail-latency": 166.0,
					"95tail-latency": 232.0,
					"999tail-latency": 1368.0,
					"99tail-latency": 242.0,
					"L1-dcache-load-misses": 293258.0846947922,
					"L1-icache-load-misses": 341825.1945479869,
					"L2_RQSTS/ALL_CODE_RD": 1142217.205618059,
					"L2_RQSTS/ALL_DEMAND_DATA_RD": 308893.66743042396,
					"L2_RQSTS/ALL_DEMAND_MISS": 1089800.1497913466,
					"L2_RQSTS/ALL_DEMAND_REFERENCES": 1658916.3848604464,
					"L2_RQSTS/CODE_RD_MISS": 769270.7037108961,
					"L2_RQSTS/DEMAND_DATA_RD_MISS": 245214.73308307014,
					"L2_RQSTS/MISS": 1304420.3143600477,
					"L2_RQSTS/REFERENCES": 1929539.933423363,
					"L2_TRANS/CODE_RD": 1164619.7514570788,
					"L2_TRANS/DEMAND_DATA_RD": 265505.0246924904,
					"LLC_MISS": 5183.103609336703,
					"LLC_REFERENCE": 1311990.053294817,
					"MEM_LOAD_UOPS_RETIRED/L1_MISS": 211150.07993123704,
					"MEM_LOAD_UOPS_RETIRED/L2_MISS": 166616.2231566218,
					"MEM_LOAD_UOPS_RETIRED/L3_MISS": 2559.675907898366,
					"MEM_UOPS_RETIRED/ALL_LOADS": 2595880.7998333266,
					"contender-L1-dcache-load-misses": 12979804.39354788,
					"contender-L1-icache-load-misses": 10932712.445221627,
					"contender-L2_RQSTS/ALL_CODE_RD": 25732326.853973724,
					"contender-L2_RQSTS/ALL_DEMAND_DATA_RD": 8867609.704480426,
					"contender-L2_RQSTS/ALL_DEMAND_MISS": 20480403.597483307,
					"contender-L2_RQSTS/ALL_DEMAND_REFERENCES": 35141760.071147025,
					"contender-L2_RQSTS/CODE_RD_MISS": 14398415.926962279,
					"contender-L2_RQSTS/DEMAND_DATA_RD_MISS": 4968022.610374699,
					"contender-L2_RQSTS/MISS": 23381406.77358375,
					"contender-L2_RQSTS/REFERENCES": 36987078.42086464,
					"contender-L2_TRANS/CODE_RD": 23368077.5154726,
					"contender-L2_TRANS/DEMAND_DATA_RD": 7641932.459308541,
					"contender-LLC_MISS": 241692.81906540354,
					"contender-LLC_REFERENCE": 22181934.82733828,
					"contender-MEM_LOAD_UOPS_RETIRED/L1_MISS": 6094954.454148911,
					"contender-MEM_LOAD_UOPS_RETIRED/L2_MISS": 3144762.546810988,
					"contender-MEM_LOAD_UOPS_RETIRED/L3_MISS": 145623.00592752054,
					"contender-MEM_UOPS_RETIRED/ALL_LOADS": 215329949.2190106,
					"contender-cpu-cycles": 830975276.308652,
					"contender-dTLB-load-misses": 1042546.1612960012,
					"contender-iTLB-load-misses": 677668.1526148866,
					"contender-instructions": 560631081.4814647,
					"contender-stalled-cycles": 624350541.767643,
					"contender_tput": 0.0,
					"cpu-cycles": 31995569.815338895,
					"dTLB-load-misses": 30540.25529805455,
					"iTLB-load-misses": 27252.649820281607,
					"instructions": 11119342.2606448,
					"intel_cqm/local_bytes": 0.0,
					"mean": 170.29,
					"mite_throughput": 0.0,
					"mite_tput_limit": 0.001,
					"stalled-cycles": 20821760.837307803
				},
				{
					"50tail-latency": 144.0,
					"95tail-latency": 228.0,
					"999tail-latency": 1664.0,
					"99tail-latency": 238.0,
					"L1-dcache-load-misses": 664214.1525845547,
					"L1-icache-load-misses": 701454.5114044482,
					"L2_RQSTS/ALL_CODE_RD": 1085372.0749823763,
					"L2_RQSTS/ALL_DEMAND_DATA_RD": 314164.8180459166,
					"L2_RQSTS/ALL_DEMAND_MISS": 1143997.1401026468,
					"L2_RQSTS/ALL_DEMAND_REFERENCES": 1765225.5416528145,
					"L2_RQSTS/CODE_RD_MISS": 726194.2855722094,
					"L2_RQSTS/DEMAND_DATA_RD_MISS": 270121.89099051413,
					"L2_RQSTS/MISS": 1761618.5206785726,
					"L2_RQSTS/REFERENCES": 3062473.945837328,
					"L2_TRANS/CODE_RD": 1083835.011945867,
					"L2_TRANS/DEMAND_DATA_RD": 339637.4262338866,
					"LLC_MISS": 3338.8342023796195,
					"LLC_REFERENCE": 2465261.595165073,
					"MEM_LOAD_UOPS_RETIRED/L1_MISS": 333532.24299500475,
					"MEM_LOAD_UOPS_RETIRED/L2_MISS": 200713.86236538648,
					"MEM_LOAD_UOPS_RETIRED/L3_MISS": 2118.161983817632,
					"MEM_UOPS_RETIRED/ALL_LOADS": 4334106.289243117,
					"contender-L1-dcache-load-misses": 15071750.867845602,
					"contender-L1-icache-load-misses": 14934783.294960516,
					"contender-L2_RQSTS/ALL_CODE_RD": 33903196.850658916,
					"contender-L2_RQSTS/ALL_DEMAND_DATA_RD": 9598425.43679977,
					"contender-L2_RQSTS/ALL_DEMAND_MISS": 30274709.007893935,
					"contender-L2_RQSTS/ALL_DEMAND_REFERENCES": 49367474.09402419,
					"contender-L2_RQSTS/CODE_RD_MISS": 22101773.95322378,
					"contender-L2_RQSTS/DEMAND_DATA_RD_MISS": 5896116.658922689,
					"contender-L2_RQSTS/MISS": 32563220.777583662,
					"contender-L2_RQSTS/REFERENCES": 52478570.35129501,
					"contender-L2_TRANS/CODE_RD": 35693282.75941953,
					"contender-L2_TRANS/DEMAND_DATA_RD": 11088441.821278837,
					"contender-LLC_MISS": 268461.91591896984,
					"contender-LLC_REFERENCE": 31186448.286731496,
					"contender-MEM_LOAD_UOPS_RETIRED/L1_MISS": 7949289.815288596,
					"contender-MEM_LOAD_UOPS_RETIRED/L2_MISS": 4055640.6257395116,
					"contender-MEM_LOAD_UOPS_RETIRED/L3_MISS": 94771.14239913787,
					"contender-MEM_UOPS_RETIRED/ALL_LOADS": 228650839.13129666,
					"contender-cpu-cycles": 1077185755.2709098,
					"contender-dTLB-load-misses": 1311977.473482638,
					"contender-iTLB-load-misses": 1107275.5959643298,
					"contender-instructions": 692758346.9395686,
					"contender-stalled-cycles": 778946088.7147887,
					"contender_tput": 0.0,
					"cpu-cycles": 64397861.086489074,
					"dTLB-load-misses": 52646.438208567466,
					"iTLB-load-misses": 44931.63738958423,
					"instructions": 23111430.7237778,
					"intel_cqm/local_bytes": 0.0,
					"mean": 148.86,
					"mite_throughput": 0.0,
					"mite_tput_limit": 0.002,
					"stalled-cycles": 43455244.03173762
				},
				{
					"50tail-latency": 117.0,
					"95tail-latency": 174.0,
					"999tail-latency": 2416.0,
					"99tail-latency": 216.0,
					"L1-dcache-load-misses": 703283.6060509464,
					"L1-icache-load-misses": 770964.2345264978,
					"L2_RQSTS/ALL_CODE_RD": 1579044.924206464,
					"L2_RQSTS/ALL_DEMAND_DATA_RD": 456022.0181398377,
					"L2_RQSTS/ALL_DEMAND_MISS": 1744855.0592337924,
					"L2_RQSTS/ALL_DEMAND_REFERENCES": 2973315.9645992983,
					"L2_RQSTS/CODE_RD_MISS": 1139866.6138234981,
					"L2_RQSTS/DEMAND_DATA_RD_MISS": 269264.2609578335,
					"L2_RQSTS/MISS": 1471380.2026449186,
					"L2_RQSTS/REFERENCES": 2633627.180837778,
					"L2_TRANS/CODE_RD": 1917241.661589482,
					"L2_TRANS/DEMAND_DATA_RD": 475035.29749871325,
					"LLC_MISS": 5286.850246465007,
					"LLC_REFERENCE": 1644761.7234583953,
					"MEM_LOAD_UOPS_RETIRED/L1_MISS": 499994.0677614233,
					"MEM_LOAD_UOPS_RETIRED/L2_MISS": 288600.23448183876,
					"MEM_LOAD_UOPS_RETIRED/L3_MISS": 1820.0414744762975,
					"MEM_UOPS_RETIRED/ALL_LOADS": 8182128.391989985,
					"contender-L1-dcache-load-misses": 18417946.39334358,
					"contender-L1-icache-load-misses": 17603122.422667753,
					"contender-L2_RQSTS/ALL_CODE_RD": 40742832.87703213,
					"contender-L2_RQSTS/ALL_DEMAND_DATA_RD": 12505160.907584045,
					"contender-L2_RQSTS/ALL_DEMAND_MISS": 30885063.34853054,
					"contender-L2_RQSTS/ALL_DEMAND_REFERENCES": 56952464.821373835,
					"contender-L2_RQSTS/CODE_RD_MISS": 22038479.012381162,
					"contender-L2_RQSTS/DEMAND_DATA_RD_MISS": 6745890.213413226,
					"contender-L2_RQSTS/MISS": 32741395.98948953,
					"contender-L2_RQSTS/REFERENCES": 58855559.29246516,
					"contender-L2_TRANS/CODE_RD": 42093884.76563732,
					"contender-L2_TRANS/DEMAND_DATA_RD": 12298150.778458375,
					"contender-LLC_MISS": 198482.91924670854,
					"contender-LLC_REFERENCE": 31524607.89949664,
					"contender-MEM_LOAD_UOPS_RETIRED/L1_MISS": 10031809.358664261,
					"contender-MEM_LOAD_UOPS_RETIRED/L2_MISS": 4775636.924226305,
					"contender-MEM_LOAD_UOPS_RETIRED/L3_MISS": 74465.81995589625,
					"contender-MEM_UOPS_RETIRED/ALL_LOADS": 275590271.2309096,
					"contender-cpu-cycles": 1074584822.705917,
					"contender-dTLB-load-misses": 1288779.7004773368,
					"contender-iTLB-load-misses": 1199525.1117370706,
					"contender-instructions": 732525338.2647301,
					"contender-stalled-cycles": 780943446.3927869,
					"contender_tput": 0.0,
					"cpu-cycles": 48982167.755112156,
					"dTLB-load-misses": 58151.37701298206,
					"iTLB-load-misses": 76737.7657848252,
					"instructions": 21484632.622521255,
					"intel_cqm/local_bytes": 0.0,
					"mean": 124.5,
					"mite_throughput": 0.0,
					"mite_tput_limit": 0.003,
					"stalled-cycles": 35041374.79726254
				},
				{
					"50tail-latency": 88.0,
					"95tail-latency": 127.0,
					"999tail-latency": 2800.0,
					"99tail-latency": 150.0,
					"L1-dcache-load-misses": 597381.0528872433,
					"L1-icache-load-misses": 702897.6682456542,
					"L2_RQSTS/ALL_CODE_RD": 2171208.7810352277,
					"L2_RQSTS/ALL_DEMAND_DATA_RD": 573328.5092932333,
					"L2_RQSTS/ALL_DEMAND_MISS": 1594479.9242011998,
					"L2_RQSTS/ALL_DEMAND_REFERENCES": 3236975.657626345,
					"L2_RQSTS/CODE_RD_MISS": 950835.3284758102,
					"L2_RQSTS/DEMAND_DATA_RD_MISS": 309910.14947431214,
					"L2_RQSTS/MISS": 1618015.02000343,
					"L2_RQSTS/REFERENCES": 3619504.2380608977,
					"L2_TRANS/CODE_RD": 2263271.422534776,
					"L2_TRANS/DEMAND_DATA_RD": 631837.5435674436,
					"LLC_MISS": 2946.8353596512115,
					"LLC_REFERENCE": 1466396.5228327299,
					"MEM_LOAD_UOPS_RETIRED/L1_MISS": 493613.3911886917,
					"MEM_LOAD_UOPS_RETIRED/L2_MISS": 242399.77627677628,
					"MEM_LOAD_UOPS_RETIRED/L3_MISS": 5218.371536496623,
					"MEM_UOPS_RETIRED/ALL_LOADS": 7770058.651882329,
					"contender-L1-dcache-load-misses": 19453400.703609142,
					"contender-L1-icache-load-misses": 20436442.519306917,
					"contender-L2_RQSTS/ALL_CODE_RD": 48300318.05345925,
					"contender-L2_RQSTS/ALL_DEMAND_DATA_RD": 13210256.114570986,
					"contender-L2_RQSTS/ALL_DEMAND_MISS": 30581927.91186557,
					"contender-L2_RQSTS/ALL_DEMAND_REFERENCES": 66851430.93032985,
					"contender-L2_RQSTS/CODE_RD_MISS": 21280787.953543235,
					"contender-L2_RQSTS/DEMAND_DATA_RD_MISS": 6435525.68198785,
					"contender-L2_RQSTS/MISS": 31875546.728769314,
					"contender-L2_RQSTS/REFERENCES": 69108101.4151572,
					"contender-L2_TRANS/CODE_RD": 50366306.70810767,
					"contender-L2_TRANS/DEMAND_DATA_RD": 14085827.634787418,
					"contender-LLC_MISS": 361465.9376374101,
					"contender-LLC_REFERENCE": 31609996.132899314,
					"contender-MEM_LOAD_UOPS_RETIRED/L1_MISS": 11843829.875692142,
					"contender-MEM_LOAD_UOPS_RETIRED/L2_MISS": 4956881.680083492,
					"contender-MEM_LOAD_UOPS_RETIRED/L3_MISS": 116571.67872804728,
					"contender-MEM_UOPS_RETIRED/ALL_LOADS": 331172002.5489293,
					"contender-cpu-cycles": 1171146889.3764966,
					"contender-dTLB-load-misses": 1068571.4303716584,
					"contender-iTLB-load-misses": 1084392.015641836,
					"contender-instructions": 873102252.2316971,
					"contender-stalled-cycles": 826713492.1626654,
					"contender_tput": 0.0,
					"cpu-cycles": 49187755.26108276,
					"dTLB-load-misses": 35613.12894204304,
					"iTLB-load-misses": 44778.44779938327,
					"instructions": 23781974.880886525,
					"intel_cqm/local_bytes": 0.0,
					"mean": 98.09,
					"mite_throughput": 0.0,
					"mite_tput_limit": 0.004,
					"stalled-cycles": 32807940.608847763
				},
				{
					"50tail-latency": 89.0,
					"95tail-latency": 125.0,
					"999tail-latency": 2488.0,
					"99tail-latency": 150.0,
					"L1-dcache-load-misses": 847297.9041704505,
					"L1-icache-load-misses": 1024806.2766162148,
					"L2_RQSTS/ALL_CODE_RD": 3079711.667979492,
					"L2_RQSTS/ALL_DEMAND_DATA_RD": 730278.6370485586,
					"L2_RQSTS/ALL_DEMAND_MISS": 1458592.3804173053,
					"L2_RQSTS/ALL_DEMAND_REFERENCES": 3040551.4578726706,
					"L2_RQSTS/CODE_RD_MISS": 978588.1207014192,
					"L2_RQSTS/DEMAND_DATA_RD_MISS": 355696.28235671605,
					"L2_RQSTS/MISS": 1446546.5766036448,
					"L2_RQSTS/REFERENCES": 3471852.826802882,
					"L2_TRANS/CODE_RD": 2842268.985668391,
					"L2_TRANS/DEMAND_DATA_RD": 772386.6018251863,
					"LLC_MISS": 400.0689854772192,
					"LLC_REFERENCE": 1653519.7399247442,
					"MEM_LOAD_UOPS_RETIRED/L1_MISS": 598044.8209559838,
					"MEM_LOAD_UOPS_RETIRED/L2_MISS": 287679.08804442076,
					"MEM_LOAD_UOPS_RETIRED/L3_MISS": 1080.4347508415833,
					"MEM_UOPS_RETIRED/ALL_LOADS": 9603568.693541994,
					"contender-L1-dcache-load-misses": 23076809.867403504,
					"contender-L1-icache-load-misses": 24312346.6426036,
					"contender-L2_RQSTS/ALL_CODE_RD": 59857567.356960386,
					"contender-L2_RQSTS/ALL_DEMAND_DATA_RD": 17721652.25350088,
					"contender-L2_RQSTS/ALL_DEMAND_MISS": 34787719.495011955,
					"contender-L2_RQSTS/ALL_DEMAND_REFERENCES": 79950686.58571988,
					"contender-L2_RQSTS/CODE_RD_MISS": 23750056.06142673,
					"contender-L2_RQSTS/DEMAND_DATA_RD_MISS": 7641154.778800094,
					"contender-L2_RQSTS/MISS": 39305043.19690617,
					"contender-L2_RQSTS/REFERENCES": 88712568.28049023,
					"contender-L2_TRANS/CODE_RD": 59509169.72444307,
					"contender-L2_TRANS/DEMAND_DATA_RD": 16519394.425831039,
					"contender-LLC_MISS": 368022.71427033463,
					"contender-LLC_REFERENCE": 38761372.63804758,
					"contender-MEM_LOAD_UOPS_RETIRED/L1_MISS": 11914509.455628816,
					"contender-MEM_LOAD_UOPS_RETIRED/L2_MISS": 5128374.989209113,
					"contender-MEM_LOAD_UOPS_RETIRED/L3_MISS": 73349.62519160219,
					"contender-MEM_UOPS_RETIRED/ALL_LOADS": 313504320.15612173,
					"contender-cpu-cycles": 1502515842.6779854,
					"contender-dTLB-load-misses": 1119107.0921441687,
					"contender-iTLB-load-misses": 1270780.6164101576,
					"contender-instructions": 1066863350.9612895,
					"contender-stalled-cycles": 1018747051.2617238,
					"contender_tput": 0.0,
					"cpu-cycles": 54913508.7050116,
					"dTLB-load-misses": 43583.66437192011,
					"iTLB-load-misses": 58387.54211486038,
					"instructions": 29641381.325524896,
					"intel_cqm/local_bytes": 0.0,
					"mean": 97.09,
					"mite_throughput": 0.0,
					"mite_tput_limit": 0.005,
					"stalled-cycles": 40211198.78637193
				},
				{
					"50tail-latency": 87.0,
					"95tail-latency": 121.0,
					"999tail-latency": 3080.0,
					"99tail-latency": 144.0,
					"L1-dcache-load-misses": 1159951.911079322,
					"L1-icache-load-misses": 1621549.1404058225,
					"L2_RQSTS/ALL_CODE_RD": 2901397.730824122,
					"L2_RQSTS/ALL_DEMAND_DATA_RD": 842028.8995570877,
					"L2_RQSTS/ALL_DEMAND_MISS": 1935003.3549099776,
					"L2_RQSTS/ALL_DEMAND_REFERENCES": 4707275.595946546,
					"L2_RQSTS/CODE_RD_MISS": 1257907.1399594012,
					"L2_RQSTS/DEMAND_DATA_RD_MISS": 518144.8967943305,
					"L2_RQSTS/MISS": 2065072.067821709,
					"L2_RQSTS/REFERENCES": 4821956.055939329,
					"L2_TRANS/CODE_RD": 3269261.044033702,
					"L2_TRANS/DEMAND_DATA_RD": 829459.5486234099,
					"LLC_MISS": 4584.587844177067,
					"LLC_REFERENCE": 2251121.7523270496,
					"MEM_LOAD_UOPS_RETIRED/L1_MISS": 783892.462685677,
					"MEM_LOAD_UOPS_RETIRED/L2_MISS": 430042.8211719294,
					"MEM_LOAD_UOPS_RETIRED/L3_MISS": 3839.1533414022156,
					"MEM_UOPS_RETIRED/ALL_LOADS": 12620361.84496327,
					"contender-L1-dcache-load-misses": 23060443.56013619,
					"contender-L1-icache-load-misses": 27366786.54615684,
					"contender-L2_RQSTS/ALL_CODE_RD": 67371417.86114869,
					"contender-L2_RQSTS/ALL_DEMAND_DATA_RD": 18338998.082552455,
					"contender-L2_RQSTS/ALL_DEMAND_MISS": 38952100.49141307,
					"contender-L2_RQSTS/ALL_DEMAND_REFERENCES": 88802210.7330508,
					"contender-L2_RQSTS/CODE_RD_MISS": 27393427.381373342,
					"contender-L2_RQSTS/DEMAND_DATA_RD_MISS": 8344299.899314344,
					"contender-L2_RQSTS/MISS": 42761161.470198825,
					"contender-L2_RQSTS/REFERENCES": 95153329.59320793,
					"contender-L2_TRANS/CODE_RD": 67789545.9885325,
					"contender-L2_TRANS/DEMAND_DATA_RD": 18328461.44868179,
					"contender-LLC_MISS": 236996.65407565562,
					"contender-LLC_REFERENCE": 42274203.23387103,
					"contender-MEM_LOAD_UOPS_RETIRED/L1_MISS": 14425299.80000375,
					"contender-MEM_LOAD_UOPS_RETIRED/L2_MISS": 6073176.151452504,
					"contender-MEM_LOAD_UOPS_RETIRED/L3_MISS": 131371.56677047018,
					"contender-MEM_UOPS_RETIRED/ALL_LOADS": 378350966.89819854,
					"contender-cpu-cycles": 1496925934.5420382,
					"contender-dTLB-load-misses": 1096097.494615293,
					"contender-iTLB-load-misses": 906292.3110849726,
					"contender-instructions": 1037861992.3145494,
					"contender-stalled-cycles": 1013770480.4810383,
					"contender_tput": 0.0,
					"cpu-cycles": 70776584.53590296,
					"dTLB-load-misses": 48325.52490222329,
					"iTLB-load-misses": 47681.46949182582,
					"instructions": 39192773.462804295,
					"intel_cqm/local_bytes": 0.0,
					"mean": 95.09,
					"mite_throughput": 0.0,
					"mite_tput_limit": 0.006,
					"stalled-cycles": 51886240.40075892
				},
				{
					"50tail-latency": 87.0,
					"95tail-latency": 121.0,
					"999tail-latency": 3496.0,
					"99tail-latency": 136.0,
					"L1-dcache-load-misses": 1246896.582871821,
					"L1-icache-load-misses": 1764235.4984939687,
					"L2_RQSTS/ALL_CODE_RD": 5105951.376856523,
					"L2_RQSTS/ALL_DEMAND_DATA_RD": 1100379.3182858098,
					"L2_RQSTS/ALL_DEMAND_MISS": 1986219.362223328,
					"L2_RQSTS/ALL_DEMAND_REFERENCES": 5527973.939662859,
					"L2_RQSTS/CODE_RD_MISS": 1484406.3652689927,
					"L2_RQSTS/DEMAND_DATA_RD_MISS": 472075.8850691149,
					"L2_RQSTS/MISS": 2713995.8473175014,
					"L2_RQSTS/REFERENCES": 5022477.160512285,
					"L2_TRANS/CODE_RD": 3649546.3280847208,
					"L2_TRANS/DEMAND_DATA_RD": 1059719.2347928556,
					"LLC_MISS": 5257.079705114314,
					"LLC_REFERENCE": 2260744.2068792153,
					"MEM_LOAD_UOPS_RETIRED/L1_MISS": 762314.1586876183,
					"MEM_LOAD_UOPS_RETIRED/L2_MISS": 315126.12412529404,
					"MEM_LOAD_UOPS_RETIRED/L3_MISS": 1086.1351616861882,
					"MEM_UOPS_RETIRED/ALL_LOADS": 14945135.677072478,
					"contender-L1-dcache-load-misses": 29169592.763160627,
					"contender-L1-icache-load-misses": 33056196.828064322,
					"contender-L2_RQSTS/ALL_CODE_RD": 76217697.13853599,
					"contender-L2_RQSTS/ALL_DEMAND_DATA_RD": 20614410.715965014,
					"contender-L2_RQSTS/ALL_DEMAND_MISS": 45014871.9417292,
					"contender-L2_RQSTS/ALL_DEMAND_REFERENCES": 104955277.1150476,
					"contender-L2_RQSTS/CODE_RD_MISS": 31417151.782799482,
					"contender-L2_RQSTS/DEMAND_DATA_RD_MISS": 9451484.569260696,
					"contender-L2_RQSTS/MISS": 48631918.52833795,
					"contender-L2_RQSTS/REFERENCES": 109280738.58929606,
					"contender-L2_TRANS/CODE_RD": 76315935.80285439,
					"contender-L2_TRANS/DEMAND_DATA_RD": 19955022.647675615,
					"contender-LLC_MISS": 506620.018822893,
					"contender-LLC_REFERENCE": 47971486.73004188,
					"contender-MEM_LOAD_UOPS_RETIRED/L1_MISS": 17379081.420552578,
					"contender-MEM_LOAD_UOPS_RETIRED/L2_MISS": 6826147.299777512,
					"contender-MEM_LOAD_UOPS_RETIRED/L3_MISS": 77327.78789989933,
					"contender-MEM_UOPS_RETIRED/ALL_LOADS": 484810095.97063786,
					"contender-cpu-cycles": 2213960673.235293,
					"contender-dTLB-load-misses": 1191766.5684578517,
					"contender-iTLB-load-misses": 1411117.0058031196,
					"contender-instructions": 1388247777.331978,
					"contender-stalled-cycles": 1548817647.309696,
					"contender_tput": 0.0,
					"cpu-cycles": 85086154.05980855,
					"dTLB-load-misses": 48854.87969837415,
					"iTLB-load-misses": 84000.47094370057,
					"instructions": 46022852.24934769,
					"intel_cqm/local_bytes": 0.0,
					"mean": 95.37,
					"mite_throughput": 0.0,
					"mite_tput_limit": 0.007,
					"stalled-cycles": 56075602.161798105
				},
				{
					"50tail-latency": 86.0,
					"95tail-latency": 118.0,
					"999tail-latency": 3968.0,
					"99tail-latency": 136.0,
					"L1-dcache-load-misses": 1418065.1095554275,
					"L1-icache-load-misses": 1955781.9795738056,
					"L2_RQSTS/ALL_CODE_RD": 4104322.70853354,
					"L2_RQSTS/ALL_DEMAND_DATA_RD": 1000332.2036419173,
					"L2_RQSTS/ALL_DEMAND_MISS": 2584445.880757884,
					"L2_RQSTS/ALL_DEMAND_REFERENCES": 6124451.688333302,
					"L2_RQSTS/CODE_RD_MISS": 1855834.0474667852,
					"L2_RQSTS/DEMAND_DATA_RD_MISS": 512829.2298392411,
					"L2_RQSTS/MISS": 2694327.7663458358,
					"L2_RQSTS/REFERENCES": 6169407.826034477,
					"L2_TRANS/CODE_RD": 4559957.623175314,
					"L2_TRANS/DEMAND_DATA_RD": 1002474.9282384745,
					"LLC_MISS": 8997.256851870372,
					"LLC_REFERENCE": 2619667.330414867,
					"MEM_LOAD_UOPS_RETIRED/L1_MISS": 855556.8364474758,
					"MEM_LOAD_UOPS_RETIRED/L2_MISS": 389353.2341987653,
					"MEM_LOAD_UOPS_RETIRED/L3_MISS": 4106.226248349839,
					"MEM_UOPS_RETIRED/ALL_LOADS": 13889934.086900985,
					"contender-L1-dcache-load-misses": 28329838.294595726,
					"contender-L1-icache-load-misses": 35888286.223357394,
					"contender-L2_RQSTS/ALL_CODE_RD": 86743861.0400735,
					"contender-L2_RQSTS/ALL_DEMAND_DATA_RD": 21660093.34299679,
					"contender-L2_RQSTS/ALL_DEMAND_MISS": 48314040.07691627,
					"contender-L2_RQSTS/ALL_DEMAND_REFERENCES": 111623309.47176771,
					"contender-L2_RQSTS/CODE_RD_MISS": 34157576.459445454,
					"contender-L2_RQSTS/DEMAND_DATA_RD_MISS": 10197903.327451354,
					"contender-L2_RQSTS/MISS": 51730960.46898407,
					"contender-L2_RQSTS/REFERENCES": 116206391.6583901,
					"contender-L2_TRANS/CODE_RD": 85695346.68572463,
					"contender-L2_TRANS/DEMAND_DATA_RD": 21341952.73918807,
					"contender-LLC_MISS": 131837.52452376336,
					"contender-LLC_REFERENCE": 49645129.05332341,
					"contender-MEM_LOAD_UOPS_RETIRED/L1_MISS": 16627068.640734257,
					"contender-MEM_LOAD_UOPS_RETIRED/L2_MISS": 7220389.228940933,
					"contender-MEM_LOAD_UOPS_RETIRED/L3_MISS": 86025.1914422848,
					"contender-MEM_UOPS_RETIRED/ALL_LOADS": 387204333.03623086,
					"contender-cpu-cycles": 1684337729.831349,
					"contender-dTLB-load-misses": 1075864.405153566,
					"contender-iTLB-load-misses": 1455266.790547587,
					"contender-instructions": 1102519955.2868435,
					"contender-stalled-cycles": 1224701982.6337342,
					"contender_tput": 0.0,
					"cpu-cycles": 86390927.66403945,
					"dTLB-load-misses": 44914.727593789656,
					"iTLB-load-misses": 83174.68529029399,
					"instructions": 47810995.8898118,
					"intel_cqm/local_bytes": 0.0,
					"mean": 98.3,
					"mite_throughput": 0.0,
					"mite_tput_limit": 0.008,
					"stalled-cycles": 61238416.01503212
				}
			]
		}
	},
	"legend": {
		"args": {},
		"samples": {
			"50tail-latency": {
				"description": "Median tail RTT",
				"unit": "us"
			},
			"95tail-latency": {
				"description": "95th percentile tail RTT",
				"unit": "us"
			},
			"999tail-latency": {
				"description": "99.9th percentile tail RTT",
				"unit": "us"
			},
			"99tail-latency": {
				"description": "99th percentile tail RTT",
				"unit": "us"
			},
			"contender_tput": {
				"description": "Contender throughput",
				"unit": "MB/s"
			},
			"intel_cqm/local_bytes": {
				"description": "System-wide memory bandwidth usage",
				"unit": "MB/s"
			},
			"mean": {
				"description": "Mean RTT",
				"unit": "us"
			},
			"mite_throughput": {
				"description": "Mite Throughput",
				"unit": "Mops"
			},
			"mite_tput_limit": {
				"description": "Mite Throughput",
				"unit": "Mops"
			},
			"perf_data": {
				"description": "Perf datafile",
				"unit": "all ur base64s are belong to me"
			}
		}
	},
	"meta": {
		"command": "DEFAULT_NUM_TRASH=8 DEFAULT_MITE_TPUT_LIMIT_LOOP='0.001 0.002 0.003 0.004 0.005 0.006 0.007 0.008' DEFAULT_TABLE_ENTRIES=65030 DEFAULT_CACHE_WAYS=0xf DEFAULT_ZIPF_ALPHA=0.99 WARMUP_DURATION=10 MAIN_DURATION=300 ./network_rtt -l contender_duration,grpc_interval,hadoop wimpy catbench ''",
	}
}
