{
	"data": {
		"allocation": {
			"description": "Allocation",
			"samples": [
				{
					"50tail-latency": 164.0,
					"95tail-latency": 232.0,
					"999tail-latency": 268.0,
					"99tail-latency": 242.0,
					"L1-dcache-load-misses": 238915.59154341274,
					"L1-icache-load-misses": 381595.88800004026,
					"L2_RQSTS/ALL_CODE_RD": 1000700.9069909465,
					"L2_RQSTS/ALL_DEMAND_DATA_RD": 278551.077742463,
					"L2_RQSTS/ALL_DEMAND_MISS": 563451.684675925,
					"L2_RQSTS/ALL_DEMAND_REFERENCES": 758955.6645678782,
					"L2_RQSTS/CODE_RD_MISS": 439000.713762746,
					"L2_RQSTS/DEMAND_DATA_RD_MISS": 238022.12219699455,
					"L2_RQSTS/MISS": 647184.0407181537,
					"L2_RQSTS/REFERENCES": 965017.1260565419,
					"L2_TRANS/CODE_RD": 691531.8571797644,
					"L2_TRANS/DEMAND_DATA_RD": 179781.80155417506,
					"LLC_MISS": 919.1437529244619,
					"LLC_REFERENCE": 696163.5201134955,
					"MEM_LOAD_UOPS_RETIRED/L1_MISS": 213359.1216657394,
					"MEM_LOAD_UOPS_RETIRED/L2_MISS": 157558.20092368015,
					"MEM_LOAD_UOPS_RETIRED/L3_MISS": 495.267583572561,
					"MEM_UOPS_RETIRED/ALL_LOADS": 2867761.9686734453,
					"contender-L1-dcache-load-misses": 8482468.774655122,
					"contender-L1-icache-load-misses": 7893715.210829266,
					"contender-L2_RQSTS/ALL_CODE_RD": 20814346.536879007,
					"contender-L2_RQSTS/ALL_DEMAND_DATA_RD": 6493646.922937305,
					"contender-L2_RQSTS/ALL_DEMAND_MISS": 17303927.83638179,
					"contender-L2_RQSTS/ALL_DEMAND_REFERENCES": 27774963.37510299,
					"contender-L2_RQSTS/CODE_RD_MISS": 12587821.448368916,
					"contender-L2_RQSTS/DEMAND_DATA_RD_MISS": 4002673.765159264,
					"contender-L2_RQSTS/MISS": 19947619.652277745,
					"contender-L2_RQSTS/REFERENCES": 31838994.00257227,
					"contender-L2_TRANS/CODE_RD": 20910632.849496137,
					"contender-L2_TRANS/DEMAND_DATA_RD": 6400725.448344483,
					"contender-LLC_MISS": 346430.7300770623,
					"contender-LLC_REFERENCE": 20085812.393759742,
					"contender-MEM_LOAD_UOPS_RETIRED/L1_MISS": 4728672.270763704,
					"contender-MEM_LOAD_UOPS_RETIRED/L2_MISS": 2608212.9332896033,
					"contender-MEM_LOAD_UOPS_RETIRED/L3_MISS": 52429.12578179069,
					"contender-MEM_UOPS_RETIRED/ALL_LOADS": 119634409.517139,
					"contender-cpu-cycles": 632952127.1773027,
					"contender-dTLB-load-misses": 768626.1368301301,
					"contender-iTLB-load-misses": 536942.7771375352,
					"contender-instructions": 348981462.320859,
					"contender-stalled-cycles": 443050203.0689355,
					"contender_tput": 0.6944444444444444,
					"cpu-cycles": 20583303.215294413,
					"dTLB-load-misses": 43153.211173073825,
					"iTLB-load-misses": 37547.74284675977,
					"instructions": 4253600.837914304,
					"intel_cqm/local_bytes": 29.198608872377736,
					"mean": 174.14,
					"mite_throughput": 0.0,
					"mite_tput_limit": 0.001,
					"stalled-cycles": 18009892.188486055
				},
				{
					"50tail-latency": 138.0,
					"95tail-latency": 224.0,
					"999tail-latency": 1088.0,
					"99tail-latency": 234.0,
					"L1-dcache-load-misses": 509737.4537686344,
					"L1-icache-load-misses": 643407.2974598479,
					"L2_RQSTS/ALL_CODE_RD": 1201213.8823007087,
					"L2_RQSTS/ALL_DEMAND_DATA_RD": 398166.8594760573,
					"L2_RQSTS/ALL_DEMAND_MISS": 1502458.2143870797,
					"L2_RQSTS/ALL_DEMAND_REFERENCES": 2347144.685471801,
					"L2_RQSTS/CODE_RD_MISS": 1080039.4349174218,
					"L2_RQSTS/DEMAND_DATA_RD_MISS": 309616.6203623229,
					"L2_RQSTS/MISS": 1601093.402128524,
					"L2_RQSTS/REFERENCES": 2502265.028519333,
					"L2_TRANS/CODE_RD": 1498655.671046598,
					"L2_TRANS/DEMAND_DATA_RD": 400314.72574231203,
					"LLC_MISS": 5851.17536890489,
					"LLC_REFERENCE": 1692636.5723619005,
					"MEM_LOAD_UOPS_RETIRED/L1_MISS": 380009.8102834987,
					"MEM_LOAD_UOPS_RETIRED/L2_MISS": 274187.678125343,
					"MEM_LOAD_UOPS_RETIRED/L3_MISS": 335.14334412906913,
					"MEM_UOPS_RETIRED/ALL_LOADS": 5617762.856871391,
					"contender-L1-dcache-load-misses": 11780722.095386205,
					"contender-L1-icache-load-misses": 12186098.429923957,
					"contender-L2_RQSTS/ALL_CODE_RD": 29542752.754772138,
					"contender-L2_RQSTS/ALL_DEMAND_DATA_RD": 8996490.352227973,
					"contender-L2_RQSTS/ALL_DEMAND_MISS": 25139959.898629412,
					"contender-L2_RQSTS/ALL_DEMAND_REFERENCES": 40480995.22261645,
					"contender-L2_RQSTS/CODE_RD_MISS": 18163059.0764414,
					"contender-L2_RQSTS/DEMAND_DATA_RD_MISS": 5828453.047772557,
					"contender-L2_RQSTS/MISS": 27889472.414867643,
					"contender-L2_RQSTS/REFERENCES": 44426144.623855956,
					"contender-L2_TRANS/CODE_RD": 29961871.45741775,
					"contender-L2_TRANS/DEMAND_DATA_RD": 8875896.73161904,
					"contender-LLC_MISS": 358938.35589572584,
					"contender-LLC_REFERENCE": 27824577.199321955,
					"contender-MEM_LOAD_UOPS_RETIRED/L1_MISS": 6593114.1468726555,
					"contender-MEM_LOAD_UOPS_RETIRED/L2_MISS": 3650883.4394372394,
					"contender-MEM_LOAD_UOPS_RETIRED/L3_MISS": 66666.68750751327,
					"contender-MEM_UOPS_RETIRED/ALL_LOADS": 147937677.7967021,
					"contender-cpu-cycles": 842107948.9345907,
					"contender-dTLB-load-misses": 1071986.5516674118,
					"contender-iTLB-load-misses": 795265.3356469794,
					"contender-instructions": 451887320.75285035,
					"contender-stalled-cycles": 596427745.2313582,
					"contender_tput": 0.6896551724137931,
					"cpu-cycles": 44159938.75804902,
					"dTLB-load-misses": 58600.21960391045,
					"iTLB-load-misses": 58108.52141044774,
					"instructions": 15820755.000644391,
					"intel_cqm/local_bytes": 28.3029604853751,
					"mean": 144.38,
					"mite_throughput": 0.0,
					"mite_tput_limit": 0.002,
					"stalled-cycles": 30579643.519548614
				},
				{
					"50tail-latency": 114.0,
					"95tail-latency": 172.0,
					"999tail-latency": 252.0,
					"99tail-latency": 212.0,
					"L1-dcache-load-misses": 629908.4975165008,
					"L1-icache-load-misses": 701094.0724761756,
					"L2_RQSTS/ALL_CODE_RD": 2512217.3353560055,
					"L2_RQSTS/ALL_DEMAND_DATA_RD": 568741.0957359707,
					"L2_RQSTS/ALL_DEMAND_MISS": 1213982.6022472687,
					"L2_RQSTS/ALL_DEMAND_REFERENCES": 2081664.455246502,
					"L2_RQSTS/CODE_RD_MISS": 1005117.4551461177,
					"L2_RQSTS/DEMAND_DATA_RD_MISS": 325045.7123125524,
					"L2_RQSTS/MISS": 1558701.6044156353,
					"L2_RQSTS/REFERENCES": 3093056.2290179604,
					"L2_TRANS/CODE_RD": 2442508.996229165,
					"L2_TRANS/DEMAND_DATA_RD": 672611.5279683894,
					"LLC_MISS": 1437.9820047834678,
					"LLC_REFERENCE": 1749461.9585033238,
					"MEM_LOAD_UOPS_RETIRED/L1_MISS": 291026.0592581277,
					"MEM_LOAD_UOPS_RETIRED/L2_MISS": 225587.4434785931,
					"MEM_LOAD_UOPS_RETIRED/L3_MISS": 613.6516157248041,
					"MEM_UOPS_RETIRED/ALL_LOADS": 4238261.652565812,
					"contender-L1-dcache-load-misses": 14454314.53830824,
					"contender-L1-icache-load-misses": 14855380.50592136,
					"contender-L2_RQSTS/ALL_CODE_RD": 35153034.95995896,
					"contender-L2_RQSTS/ALL_DEMAND_DATA_RD": 10604395.64422822,
					"contender-L2_RQSTS/ALL_DEMAND_MISS": 25033534.400379,
					"contender-L2_RQSTS/ALL_DEMAND_REFERENCES": 46948590.500796445,
					"contender-L2_RQSTS/CODE_RD_MISS": 17498618.175399452,
					"contender-L2_RQSTS/DEMAND_DATA_RD_MISS": 6114299.153083372,
					"contender-L2_RQSTS/MISS": 28639361.563311864,
					"contender-L2_RQSTS/REFERENCES": 53115243.32905328,
					"contender-L2_TRANS/CODE_RD": 35242257.58609382,
					"contender-L2_TRANS/DEMAND_DATA_RD": 10382090.947044814,
					"contender-LLC_MISS": 265096.3385973501,
					"contender-LLC_REFERENCE": 28465954.54815382,
					"contender-MEM_LOAD_UOPS_RETIRED/L1_MISS": 8018921.8874479225,
					"contender-MEM_LOAD_UOPS_RETIRED/L2_MISS": 4296401.209491533,
					"contender-MEM_LOAD_UOPS_RETIRED/L3_MISS": 43750.29608379906,
					"contender-MEM_UOPS_RETIRED/ALL_LOADS": 173965871.41111323,
					"contender-cpu-cycles": 914860327.0017024,
					"contender-dTLB-load-misses": 1012547.028837499,
					"contender-iTLB-load-misses": 952912.5138865324,
					"contender-instructions": 548519713.9542544,
					"contender-stalled-cycles": 640838224.5812837,
					"contender_tput": 0.6944444444444444,
					"cpu-cycles": 43203724.78825732,
					"dTLB-load-misses": 46681.08295026341,
					"iTLB-load-misses": 41712.07832857384,
					"instructions": 19910153.913761247,
					"intel_cqm/local_bytes": 29.68705012740515,
					"mean": 121.64,
					"mite_throughput": 0.0,
					"mite_tput_limit": 0.003,
					"stalled-cycles": 31664341.88244039
				},
				{
					"50tail-latency": 89.0,
					"95tail-latency": 122.0,
					"999tail-latency": 218.0,
					"99tail-latency": 146.0,
					"L1-dcache-load-misses": 762248.2483138165,
					"L1-icache-load-misses": 1019171.9119209021,
					"L2_RQSTS/ALL_CODE_RD": 2474107.755449375,
					"L2_RQSTS/ALL_DEMAND_DATA_RD": 569191.81389956,
					"L2_RQSTS/ALL_DEMAND_MISS": 1552512.8798645784,
					"L2_RQSTS/ALL_DEMAND_REFERENCES": 3209181.624416729,
					"L2_RQSTS/CODE_RD_MISS": 1138417.7518993441,
					"L2_RQSTS/DEMAND_DATA_RD_MISS": 313216.00515404047,
					"L2_RQSTS/MISS": 1329887.7469551214,
					"L2_RQSTS/REFERENCES": 2164291.902145825,
					"L2_TRANS/CODE_RD": 2634639.1184718274,
					"L2_TRANS/DEMAND_DATA_RD": 648714.5508015369,
					"LLC_MISS": 5454.22390281774,
					"LLC_REFERENCE": 1046994.6491716239,
					"MEM_LOAD_UOPS_RETIRED/L1_MISS": 319601.850123172,
					"MEM_LOAD_UOPS_RETIRED/L2_MISS": 180714.11179531878,
					"MEM_LOAD_UOPS_RETIRED/L3_MISS": 884.5761902765819,
					"MEM_UOPS_RETIRED/ALL_LOADS": 5515832.812309813,
					"contender-L1-dcache-load-misses": 15784267.878351888,
					"contender-L1-icache-load-misses": 17817724.33591693,
					"contender-L2_RQSTS/ALL_CODE_RD": 43076471.11684996,
					"contender-L2_RQSTS/ALL_DEMAND_DATA_RD": 11725040.837018896,
					"contender-L2_RQSTS/ALL_DEMAND_MISS": 24289560.215452604,
					"contender-L2_RQSTS/ALL_DEMAND_REFERENCES": 57499365.30540203,
					"contender-L2_RQSTS/CODE_RD_MISS": 16774727.341651661,
					"contender-L2_RQSTS/DEMAND_DATA_RD_MISS": 5911253.443601893,
					"contender-L2_RQSTS/MISS": 27760490.91628967,
					"contender-L2_RQSTS/REFERENCES": 62781191.10651889,
					"contender-L2_TRANS/CODE_RD": 42511515.49525638,
					"contender-L2_TRANS/DEMAND_DATA_RD": 11896746.517656982,
					"contender-LLC_MISS": 508887.57146265963,
					"contender-LLC_REFERENCE": 28310095.331009593,
					"contender-MEM_LOAD_UOPS_RETIRED/L1_MISS": 9558809.990246257,
					"contender-MEM_LOAD_UOPS_RETIRED/L2_MISS": 4180524.634250154,
					"contender-MEM_LOAD_UOPS_RETIRED/L3_MISS": 70316.84978616585,
					"contender-MEM_UOPS_RETIRED/ALL_LOADS": 210920562.39129817,
					"contender-cpu-cycles": 1023322381.0084504,
					"contender-dTLB-load-misses": 842359.0461662582,
					"contender-iTLB-load-misses": 870690.9945047909,
					"contender-instructions": 642787685.4164314,
					"contender-stalled-cycles": 703001907.6486857,
					"contender_tput": 0.6944444444444444,
					"cpu-cycles": 43312630.92807453,
					"dTLB-load-misses": 43462.50811753331,
					"iTLB-load-misses": 37595.31634161454,
					"instructions": 22465370.63076704,
					"intel_cqm/local_bytes": 28.315683860815334,
					"mean": 96.78,
					"mite_throughput": 0.0,
					"mite_tput_limit": 0.004,
					"stalled-cycles": 35956252.48540958
				},
				{
					"50tail-latency": 88.0,
					"95tail-latency": 126.0,
					"999tail-latency": 1808.0,
					"99tail-latency": 160.0,
					"L1-dcache-load-misses": 979743.7069608219,
					"L1-icache-load-misses": 1396669.9147181686,
					"L2_RQSTS/ALL_CODE_RD": 3150600.034432635,
					"L2_RQSTS/ALL_DEMAND_DATA_RD": 713893.9265712309,
					"L2_RQSTS/ALL_DEMAND_MISS": 1767939.1967711376,
					"L2_RQSTS/ALL_DEMAND_REFERENCES": 4153390.9433672517,
					"L2_RQSTS/CODE_RD_MISS": 1128192.2831925259,
					"L2_RQSTS/DEMAND_DATA_RD_MISS": 452765.9626612889,
					"L2_RQSTS/MISS": 2096480.8849080512,
					"L2_RQSTS/REFERENCES": 3751325.0813874644,
					"L2_TRANS/CODE_RD": 2186220.0796791795,
					"L2_TRANS/DEMAND_DATA_RD": 592098.2277847308,
					"LLC_MISS": 3614.951799171441,
					"LLC_REFERENCE": 1549832.3562914396,
					"MEM_LOAD_UOPS_RETIRED/L1_MISS": 626917.5866348357,
					"MEM_LOAD_UOPS_RETIRED/L2_MISS": 352488.1969575076,
					"MEM_LOAD_UOPS_RETIRED/L3_MISS": 2597.371773404582,
					"MEM_UOPS_RETIRED/ALL_LOADS": 10579145.590284714,
					"contender-L1-dcache-load-misses": 18127860.340239424,
					"contender-L1-icache-load-misses": 22209279.735122994,
					"contender-L2_RQSTS/ALL_CODE_RD": 53552925.62530733,
					"contender-L2_RQSTS/ALL_DEMAND_DATA_RD": 13627863.716905555,
					"contender-L2_RQSTS/ALL_DEMAND_MISS": 29848256.632826425,
					"contender-L2_RQSTS/ALL_DEMAND_REFERENCES": 69213463.66920376,
					"contender-L2_RQSTS/CODE_RD_MISS": 20742732.73421087,
					"contender-L2_RQSTS/DEMAND_DATA_RD_MISS": 7069800.475818995,
					"contender-L2_RQSTS/MISS": 33857398.02911274,
					"contender-L2_RQSTS/REFERENCES": 76570785.91179541,
					"contender-L2_TRANS/CODE_RD": 52868564.213356614,
					"contender-L2_TRANS/DEMAND_DATA_RD": 13675373.920377845,
					"contender-LLC_MISS": 372676.7991421668,
					"contender-LLC_REFERENCE": 34181688.84005264,
					"contender-MEM_LOAD_UOPS_RETIRED/L1_MISS": 10760484.711786835,
					"contender-MEM_LOAD_UOPS_RETIRED/L2_MISS": 5072031.313710021,
					"contender-MEM_LOAD_UOPS_RETIRED/L3_MISS": 52478.50523247526,
					"contender-MEM_UOPS_RETIRED/ALL_LOADS": 236927593.6374013,
					"contender-cpu-cycles": 1187066280.3777843,
					"contender-dTLB-load-misses": 881698.2232735201,
					"contender-iTLB-load-misses": 1104548.4145651723,
					"contender-instructions": 745239418.1193424,
					"contender-stalled-cycles": 822780489.0311067,
					"contender_tput": 0.6993006993006993,
					"cpu-cycles": 63471251.13571717,
					"dTLB-load-misses": 44786.27608441476,
					"iTLB-load-misses": 70643.37712659343,
					"instructions": 33912814.47986646,
					"intel_cqm/local_bytes": 27.71837064540775,
					"mean": 97.44,
					"mite_throughput": 0.0,
					"mite_tput_limit": 0.005,
					"stalled-cycles": 43785913.08862318
				},
				{
					"50tail-latency": 82.0,
					"95tail-latency": 108.0,
					"999tail-latency": 2448.0,
					"99tail-latency": 128.0,
					"L1-dcache-load-misses": 1639182.2970046527,
					"L1-icache-load-misses": 2307123.0598476804,
					"L2_RQSTS/ALL_CODE_RD": 5087896.270739331,
					"L2_RQSTS/ALL_DEMAND_DATA_RD": 1213917.9961452456,
					"L2_RQSTS/ALL_DEMAND_MISS": 2701990.728619734,
					"L2_RQSTS/ALL_DEMAND_REFERENCES": 7362406.242901205,
					"L2_RQSTS/CODE_RD_MISS": 1986066.2943674994,
					"L2_RQSTS/DEMAND_DATA_RD_MISS": 695434.5188850266,
					"L2_RQSTS/MISS": 3095980.329151193,
					"L2_RQSTS/REFERENCES": 6803758.059187266,
					"L2_TRANS/CODE_RD": 5007559.072657903,
					"L2_TRANS/DEMAND_DATA_RD": 1154201.7362528155,
					"LLC_MISS": 1246.9529740043765,
					"LLC_REFERENCE": 3265212.6192303537,
					"MEM_LOAD_UOPS_RETIRED/L1_MISS": 924797.505139954,
					"MEM_LOAD_UOPS_RETIRED/L2_MISS": 508768.5739757668,
					"MEM_LOAD_UOPS_RETIRED/L3_MISS": 6217.869386048922,
					"MEM_UOPS_RETIRED/ALL_LOADS": 16696974.293786163,
					"contender-L1-dcache-load-misses": 31003877.646085393,
					"contender-L1-icache-load-misses": 41960451.24988649,
					"contender-L2_RQSTS/ALL_CODE_RD": 98546354.46639241,
					"contender-L2_RQSTS/ALL_DEMAND_DATA_RD": 23032871.389820192,
					"contender-L2_RQSTS/ALL_DEMAND_MISS": 51747454.02448937,
					"contender-L2_RQSTS/ALL_DEMAND_REFERENCES": 126660874.11072193,
					"contender-L2_RQSTS/CODE_RD_MISS": 36062517.564263545,
					"contender-L2_RQSTS/DEMAND_DATA_RD_MISS": 11738375.849051904,
					"contender-L2_RQSTS/MISS": 56726969.07838216,
					"contender-L2_RQSTS/REFERENCES": 135471441.6462615,
					"contender-L2_TRANS/CODE_RD": 98920289.45873196,
					"contender-L2_TRANS/DEMAND_DATA_RD": 22940785.701623566,
					"contender-LLC_MISS": 460882.7969884032,
					"contender-LLC_REFERENCE": 58169606.04468736,
					"contender-MEM_LOAD_UOPS_RETIRED/L1_MISS": 18279291.029713824,
					"contender-MEM_LOAD_UOPS_RETIRED/L2_MISS": 8394864.587830858,
					"contender-MEM_LOAD_UOPS_RETIRED/L3_MISS": 84628.81665256004,
					"contender-MEM_UOPS_RETIRED/ALL_LOADS": 374985898.23399454,
					"contender-cpu-cycles": 1952440783.2335577,
					"contender-dTLB-load-misses": 938464.4608960815,
					"contender-iTLB-load-misses": 997929.4418749138,
					"contender-instructions": 1236808570.9531317,
					"contender-stalled-cycles": 1335831425.2755313,
					"contender_tput": 0.6993006993006993,
					"cpu-cycles": 94267794.11666782,
					"dTLB-load-misses": 45622.94162898504,
					"iTLB-load-misses": 55615.460904993015,
					"instructions": 57451852.260190055,
					"intel_cqm/local_bytes": 28.883701617396394,
					"mean": 89.72,
					"mite_throughput": 0.0,
					"mite_tput_limit": 0.01,
					"stalled-cycles": 70544196.58180507
				}
			]
		},
		"basealloc": {
			"description": "Basealloc",
			"samples": []
		},
		"baseline": {
			"description": "Baseline",
			"samples": [
				{
					"50tail-latency": 166.0,
					"95tail-latency": 232.0,
					"999tail-latency": 262.0,
					"99tail-latency": 242.0,
					"L1-dcache-load-misses": 325807.7882969128,
					"L1-icache-load-misses": 481190.7594531473,
					"L2_RQSTS/ALL_CODE_RD": 1115027.061155604,
					"L2_RQSTS/ALL_DEMAND_DATA_RD": 255747.89690768367,
					"L2_RQSTS/ALL_DEMAND_MISS": 1063177.4249838628,
					"L2_RQSTS/ALL_DEMAND_REFERENCES": 1529048.3297401979,
					"L2_RQSTS/CODE_RD_MISS": 789688.8922819501,
					"L2_RQSTS/DEMAND_DATA_RD_MISS": 198627.46310106767,
					"L2_RQSTS/MISS": 1152591.151627688,
					"L2_RQSTS/REFERENCES": 1632195.335837254,
					"L2_TRANS/CODE_RD": 1152860.5796830507,
					"L2_TRANS/DEMAND_DATA_RD": 261777.40629911545,
					"LLC_MISS": 602.9888430355088,
					"LLC_REFERENCE": 1153230.9301193238,
					"MEM_LOAD_UOPS_RETIRED/L1_MISS": 180604.29953558298,
					"MEM_LOAD_UOPS_RETIRED/L2_MISS": 132686.93078709976,
					"MEM_LOAD_UOPS_RETIRED/L3_MISS": 551.0147644641502,
					"MEM_UOPS_RETIRED/ALL_LOADS": 2691990.7762250914,
					"contender-L1-dcache-load-misses": 4515768.960324416,
					"contender-L1-icache-load-misses": 7254417.438055463,
					"contender-L2_RQSTS/ALL_CODE_RD": 17728794.298042003,
					"contender-L2_RQSTS/ALL_DEMAND_DATA_RD": 3656637.1213173196,
					"contender-L2_RQSTS/ALL_DEMAND_MISS": 15700675.929765495,
					"contender-L2_RQSTS/ALL_DEMAND_REFERENCES": 22497598.367164772,
					"contender-L2_RQSTS/CODE_RD_MISS": 12033425.85256596,
					"contender-L2_RQSTS/DEMAND_DATA_RD_MISS": 2756363.7505931826,
					"contender-L2_RQSTS/MISS": 16642048.268749647,
					"contender-L2_RQSTS/REFERENCES": 23596065.341928586,
					"contender-L2_TRANS/CODE_RD": 17738654.701550167,
					"contender-L2_TRANS/DEMAND_DATA_RD": 3669770.8886293634,
					"contender-LLC_MISS": 2160.6591011368228,
					"contender-LLC_REFERENCE": 16608969.251097439,
					"contender-MEM_LOAD_UOPS_RETIRED/L1_MISS": 2297278.067349219,
					"contender-MEM_LOAD_UOPS_RETIRED/L2_MISS": 1680782.4271523152,
					"contender-MEM_LOAD_UOPS_RETIRED/L3_MISS": 366.83125592449403,
					"contender-MEM_UOPS_RETIRED/ALL_LOADS": 37208182.464414045,
					"contender-cpu-cycles": 487075478.6291445,
					"contender-dTLB-load-misses": 629876.9003204122,
					"contender-iTLB-load-misses": 764933.7196943196,
					"contender-instructions": 122071197.05931637,
					"contender-stalled-cycles": 377785987.1553385,
					"contender_tput": 0.0,
					"cpu-cycles": 31524819.684724834,
					"dTLB-load-misses": 43843.112037519786,
					"iTLB-load-misses": 52577.96599804853,
					"instructions": 8513880.77398068,
					"intel_cqm/local_bytes": 0.3428124706942797,
					"mean": 171.45,
					"mite_throughput": 0.0,
					"mite_tput_limit": 0.001,
					"stalled-cycles": 24110710.282611024
				},
				{
					"50tail-latency": 128.0,
					"95tail-latency": 202.0,
					"999tail-latency": 248.0,
					"99tail-latency": 234.0,
					"L1-dcache-load-misses": 603516.2425510238,
					"L1-icache-load-misses": 805012.1322257798,
					"L2_RQSTS/ALL_CODE_RD": 1894648.4895440945,
					"L2_RQSTS/ALL_DEMAND_DATA_RD": 490623.5356626649,
					"L2_RQSTS/ALL_DEMAND_MISS": 1597035.4377399602,
					"L2_RQSTS/ALL_DEMAND_REFERENCES": 2400740.0082948874,
					"L2_RQSTS/CODE_RD_MISS": 1181693.067037434,
					"L2_RQSTS/DEMAND_DATA_RD_MISS": 351580.01360655506,
					"L2_RQSTS/MISS": 1679418.5901466047,
					"L2_RQSTS/REFERENCES": 2543319.3609034084,
					"L2_TRANS/CODE_RD": 1909634.4697243348,
					"L2_TRANS/DEMAND_DATA_RD": 490209.2728032035,
					"LLC_MISS": 1452.0439303319201,
					"LLC_REFERENCE": 1708338.0947674827,
					"MEM_LOAD_UOPS_RETIRED/L1_MISS": 328784.0120020335,
					"MEM_LOAD_UOPS_RETIRED/L2_MISS": 232631.80188850468,
					"MEM_LOAD_UOPS_RETIRED/L3_MISS": 777.4241503859326,
					"MEM_UOPS_RETIRED/ALL_LOADS": 4997222.547341834,
					"contender-L1-dcache-load-misses": 7960748.518284483,
					"contender-L1-icache-load-misses": 11464538.230379267,
					"contender-L2_RQSTS/ALL_CODE_RD": 26404164.863663133,
					"contender-L2_RQSTS/ALL_DEMAND_DATA_RD": 6245405.84241093,
					"contender-L2_RQSTS/ALL_DEMAND_MISS": 22692519.232364025,
					"contender-L2_RQSTS/ALL_DEMAND_REFERENCES": 34202498.06950915,
					"contender-L2_RQSTS/CODE_RD_MISS": 16877606.312131938,
					"contender-L2_RQSTS/DEMAND_DATA_RD_MISS": 4439566.255491583,
					"contender-L2_RQSTS/MISS": 24091491.107350655,
					"contender-L2_RQSTS/REFERENCES": 36117286.94882346,
					"contender-L2_TRANS/CODE_RD": 26392568.336583693,
					"contender-L2_TRANS/DEMAND_DATA_RD": 6267236.46908674,
					"contender-LLC_MISS": 3052.8114294316906,
					"contender-LLC_REFERENCE": 24115161.66823747,
					"contender-MEM_LOAD_UOPS_RETIRED/L1_MISS": 4135579.744434325,
					"contender-MEM_LOAD_UOPS_RETIRED/L2_MISS": 2796559.851270362,
					"contender-MEM_LOAD_UOPS_RETIRED/L3_MISS": 501.84034139303515,
					"contender-MEM_UOPS_RETIRED/ALL_LOADS": 66887778.253674224,
					"contender-cpu-cycles": 701189569.855427,
					"contender-dTLB-load-misses": 896385.8963898632,
					"contender-iTLB-load-misses": 1027965.217304609,
					"contender-instructions": 227706009.8808899,
					"contender-stalled-cycles": 534573181.0414453,
					"contender_tput": 0.0,
					"cpu-cycles": 50733814.37862155,
					"dTLB-load-misses": 61863.68499916575,
					"iTLB-load-misses": 67320.61299941906,
					"instructions": 17994863.74526581,
					"intel_cqm/local_bytes": 0.34751920002074305,
					"mean": 132.66,
					"mite_throughput": 0.0,
					"mite_tput_limit": 0.002,
					"stalled-cycles": 38180025.929785706
				},
				{
					"50tail-latency": 116.0,
					"95tail-latency": 170.0,
					"999tail-latency": 238.0,
					"99tail-latency": 200.0,
					"L1-dcache-load-misses": 784012.9384050755,
					"L1-icache-load-misses": 959848.3135039777,
					"L2_RQSTS/ALL_CODE_RD": 2200150.9565065354,
					"L2_RQSTS/ALL_DEMAND_DATA_RD": 600844.032073538,
					"L2_RQSTS/ALL_DEMAND_MISS": 1687651.5281552228,
					"L2_RQSTS/ALL_DEMAND_REFERENCES": 2962612.6999009876,
					"L2_RQSTS/CODE_RD_MISS": 1193431.3202577883,
					"L2_RQSTS/DEMAND_DATA_RD_MISS": 387616.877919572,
					"L2_RQSTS/MISS": 1781400.63689797,
					"L2_RQSTS/REFERENCES": 3129904.248956739,
					"L2_TRANS/CODE_RD": 2270427.330029124,
					"L2_TRANS/DEMAND_DATA_RD": 625564.5999469085,
					"LLC_MISS": 2370.056652952289,
					"LLC_REFERENCE": 1808071.7740716238,
					"MEM_LOAD_UOPS_RETIRED/L1_MISS": 451026.23116023,
					"MEM_LOAD_UOPS_RETIRED/L2_MISS": 277910.8040962335,
					"MEM_LOAD_UOPS_RETIRED/L3_MISS": 1244.9571917237797,
					"MEM_UOPS_RETIRED/ALL_LOADS": 7169513.327864458,
					"contender-L1-dcache-load-misses": 10713626.271655766,
					"contender-L1-icache-load-misses": 14347215.365545886,
					"contender-L2_RQSTS/ALL_CODE_RD": 32732268.231641687,
					"contender-L2_RQSTS/ALL_DEMAND_DATA_RD": 8044253.931572803,
					"contender-L2_RQSTS/ALL_DEMAND_MISS": 23926189.108693734,
					"contender-L2_RQSTS/ALL_DEMAND_REFERENCES": 43098316.13276215,
					"contender-L2_RQSTS/CODE_RD_MISS": 17198886.118276056,
					"contender-L2_RQSTS/DEMAND_DATA_RD_MISS": 4975732.384459527,
					"contender-L2_RQSTS/MISS": 25612586.474912904,
					"contender-L2_RQSTS/REFERENCES": 45544280.03823075,
					"contender-L2_TRANS/CODE_RD": 32730050.476420496,
					"contender-L2_TRANS/DEMAND_DATA_RD": 8061992.17969372,
					"contender-LLC_MISS": 3502.99174673519,
					"contender-LLC_REFERENCE": 25540395.21395304,
					"contender-MEM_LOAD_UOPS_RETIRED/L1_MISS": 5710075.336326697,
					"contender-MEM_LOAD_UOPS_RETIRED/L2_MISS": 3347465.912968329,
					"contender-MEM_LOAD_UOPS_RETIRED/L3_MISS": 720.0384295468298,
					"contender-MEM_UOPS_RETIRED/ALL_LOADS": 94934926.33112058,
					"contender-cpu-cycles": 779863371.544902,
					"contender-dTLB-load-misses": 878780.924447634,
					"contender-iTLB-load-misses": 1345867.1079556986,
					"contender-instructions": 324197214.0288272,
					"contender-stalled-cycles": 582662302.3017638,
					"contender_tput": 0.0,
					"cpu-cycles": 54903809.90889603,
					"dTLB-load-misses": 62908.52953872132,
					"iTLB-load-misses": 94864.94137581707,
					"instructions": 24179337.206335522,
					"intel_cqm/local_bytes": 0.30413192255055566,
					"mean": 118.83,
					"mite_throughput": 0.0,
					"mite_tput_limit": 0.003,
					"stalled-cycles": 40369530.02714626
				},
				{
					"50tail-latency": 88.0,
					"95tail-latency": 130.0,
					"999tail-latency": 190.0,
					"99tail-latency": 178.0,
					"L1-dcache-load-misses": 839025.8050077024,
					"L1-icache-load-misses": 1061121.1588731029,
					"L2_RQSTS/ALL_CODE_RD": 2548033.8592513204,
					"L2_RQSTS/ALL_DEMAND_DATA_RD": 657351.9337519475,
					"L2_RQSTS/ALL_DEMAND_MISS": 1474296.0082588044,
					"L2_RQSTS/ALL_DEMAND_REFERENCES": 3359514.34776141,
					"L2_RQSTS/CODE_RD_MISS": 971188.9545447187,
					"L2_RQSTS/DEMAND_DATA_RD_MISS": 368331.42137815326,
					"L2_RQSTS/MISS": 1605245.153194001,
					"L2_RQSTS/REFERENCES": 3532250.27792568,
					"L2_TRANS/CODE_RD": 2488877.06303324,
					"L2_TRANS/DEMAND_DATA_RD": 639412.5856726856,
					"LLC_MISS": 2425.2481120282623,
					"LLC_REFERENCE": 1634830.491609056,
					"MEM_LOAD_UOPS_RETIRED/L1_MISS": 482241.58896937384,
					"MEM_LOAD_UOPS_RETIRED/L2_MISS": 270217.066787622,
					"MEM_LOAD_UOPS_RETIRED/L3_MISS": 1744.4152017008244,
					"MEM_UOPS_RETIRED/ALL_LOADS": 7791952.864253953,
					"contender-L1-dcache-load-misses": 11844622.370999271,
					"contender-L1-icache-load-misses": 17061991.31049652,
					"contender-L2_RQSTS/ALL_CODE_RD": 40575996.68794648,
					"contender-L2_RQSTS/ALL_DEMAND_DATA_RD": 9109227.223091325,
					"contender-L2_RQSTS/ALL_DEMAND_MISS": 22880900.719588786,
					"contender-L2_RQSTS/ALL_DEMAND_REFERENCES": 52446885.64366554,
					"contender-L2_RQSTS/CODE_RD_MISS": 15952020.89596296,
					"contender-L2_RQSTS/DEMAND_DATA_RD_MISS": 4792309.678698227,
					"contender-L2_RQSTS/MISS": 24692070.235212326,
					"contender-L2_RQSTS/REFERENCES": 55301983.77837872,
					"contender-L2_TRANS/CODE_RD": 40452709.977410644,
					"contender-L2_TRANS/DEMAND_DATA_RD": 9148937.4386992,
					"contender-LLC_MISS": 2983.63232763063,
					"contender-LLC_REFERENCE": 24696822.789471935,
					"contender-MEM_LOAD_UOPS_RETIRED/L1_MISS": 7042907.277160596,
					"contender-MEM_LOAD_UOPS_RETIRED/L2_MISS": 3520726.4356687204,
					"contender-MEM_LOAD_UOPS_RETIRED/L3_MISS": 757.3919357159315,
					"contender-MEM_UOPS_RETIRED/ALL_LOADS": 125696407.71264867,
					"contender-cpu-cycles": 862098900.9750303,
					"contender-dTLB-load-misses": 652048.2492688979,
					"contender-iTLB-load-misses": 775420.3641259718,
					"contender-instructions": 433603170.8688548,
					"contender-stalled-cycles": 623878200.9652584,
					"contender_tput": 0.0,
					"cpu-cycles": 58115792.44457414,
					"dTLB-load-misses": 44607.58830560904,
					"iTLB-load-misses": 45478.04449213558,
					"instructions": 29921732.26362458,
					"intel_cqm/local_bytes": 0.3513478032802958,
					"mean": 96.55,
					"mite_throughput": 0.0,
					"mite_tput_limit": 0.004,
					"stalled-cycles": 42124015.37471512
				},
				{
					"50tail-latency": 90.0,
					"95tail-latency": 134.0,
					"999tail-latency": 190.0,
					"99tail-latency": 182.0,
					"L1-dcache-load-misses": 1022764.4816585928,
					"L1-icache-load-misses": 1357998.0157394535,
					"L2_RQSTS/ALL_CODE_RD": 3208273.115482979,
					"L2_RQSTS/ALL_DEMAND_DATA_RD": 809684.7551351609,
					"L2_RQSTS/ALL_DEMAND_MISS": 1882997.4295412353,
					"L2_RQSTS/ALL_DEMAND_REFERENCES": 4235070.063212002,
					"L2_RQSTS/CODE_RD_MISS": 1241893.4872832843,
					"L2_RQSTS/DEMAND_DATA_RD_MISS": 451379.6915180117,
					"L2_RQSTS/MISS": 2021110.6349511188,
					"L2_RQSTS/REFERENCES": 4479657.768828572,
					"L2_TRANS/CODE_RD": 3150804.7418255103,
					"L2_TRANS/DEMAND_DATA_RD": 802538.7582426223,
					"LLC_MISS": 3228.3797564534284,
					"LLC_REFERENCE": 2019330.205259552,
					"MEM_LOAD_UOPS_RETIRED/L1_MISS": 628499.2292350173,
					"MEM_LOAD_UOPS_RETIRED/L2_MISS": 333833.3201057045,
					"MEM_LOAD_UOPS_RETIRED/L3_MISS": 2422.4766674823954,
					"MEM_UOPS_RETIRED/ALL_LOADS": 10612374.19610437,
					"contender-L1-dcache-load-misses": 14424057.371557273,
					"contender-L1-icache-load-misses": 21267112.61810985,
					"contender-L2_RQSTS/ALL_CODE_RD": 50074509.53538048,
					"contender-L2_RQSTS/ALL_DEMAND_DATA_RD": 11026903.648983007,
					"contender-L2_RQSTS/ALL_DEMAND_MISS": 28021654.485650312,
					"contender-L2_RQSTS/ALL_DEMAND_REFERENCES": 64600795.85558674,
					"contender-L2_RQSTS/CODE_RD_MISS": 19747891.110646877,
					"contender-L2_RQSTS/DEMAND_DATA_RD_MISS": 5667311.128240023,
					"contender-L2_RQSTS/MISS": 30300523.735860843,
					"contender-L2_RQSTS/REFERENCES": 68223110.02189511,
					"contender-L2_TRANS/CODE_RD": 50045193.72731608,
					"contender-L2_TRANS/DEMAND_DATA_RD": 11083180.368553009,
					"contender-LLC_MISS": 3270.521747640682,
					"contender-LLC_REFERENCE": 30314963.368754845,
					"contender-MEM_LOAD_UOPS_RETIRED/L1_MISS": 8575847.209109852,
					"contender-MEM_LOAD_UOPS_RETIRED/L2_MISS": 4147939.5342500103,
					"contender-MEM_LOAD_UOPS_RETIRED/L3_MISS": 991.9689495723954,
					"contender-MEM_UOPS_RETIRED/ALL_LOADS": 154636984.08099103,
					"contender-cpu-cycles": 1027051387.9492067,
					"contender-dTLB-load-misses": 716935.8266305595,
					"contender-iTLB-load-misses": 958822.0303093158,
					"contender-instructions": 531986594.4784781,
					"contender-stalled-cycles": 741896612.614975,
					"contender_tput": 0.0,
					"cpu-cycles": 68914028.51636373,
					"dTLB-load-misses": 50796.927542640056,
					"iTLB-load-misses": 60459.37999763939,
					"instructions": 36951234.63497925,
					"intel_cqm/local_bytes": 0.3443095128275299,
					"mean": 100.95,
					"mite_throughput": 0.0,
					"mite_tput_limit": 0.005,
					"stalled-cycles": 49694846.660986446
				},
				{
					"50tail-latency": 84.0,
					"95tail-latency": 122.0,
					"999tail-latency": 138.0,
					"99tail-latency": 132.0,
					"L1-dcache-load-misses": 1951938.8139296724,
					"L1-icache-load-misses": 2728853.7210781,
					"L2_RQSTS/ALL_CODE_RD": 6446718.6559856385,
					"L2_RQSTS/ALL_DEMAND_DATA_RD": 1500513.0817671486,
					"L2_RQSTS/ALL_DEMAND_MISS": 3543909.796682516,
					"L2_RQSTS/ALL_DEMAND_REFERENCES": 8290270.304723567,
					"L2_RQSTS/CODE_RD_MISS": 2370222.7841236,
					"L2_RQSTS/DEMAND_DATA_RD_MISS": 830822.1043699676,
					"L2_RQSTS/MISS": 3828177.8775049485,
					"L2_RQSTS/REFERENCES": 8869617.155224167,
					"L2_TRANS/CODE_RD": 6381145.843667072,
					"L2_TRANS/DEMAND_DATA_RD": 1515994.7919024224,
					"LLC_MISS": 6120.1013099552,
					"LLC_REFERENCE": 3802267.83106535,
					"MEM_LOAD_UOPS_RETIRED/L1_MISS": 1232224.2523450786,
					"MEM_LOAD_UOPS_RETIRED/L2_MISS": 643286.3305140734,
					"MEM_LOAD_UOPS_RETIRED/L3_MISS": 4308.604230856251,
					"MEM_UOPS_RETIRED/ALL_LOADS": 21447574.022288203,
					"contender-L1-dcache-load-misses": 26977195.03771875,
					"contender-L1-icache-load-misses": 41212451.46462204,
					"contender-L2_RQSTS/ALL_CODE_RD": 96640006.38946684,
					"contender-L2_RQSTS/ALL_DEMAND_DATA_RD": 20268604.771360304,
					"contender-L2_RQSTS/ALL_DEMAND_MISS": 51302507.9316249,
					"contender-L2_RQSTS/ALL_DEMAND_REFERENCES": 123431267.81946121,
					"contender-L2_RQSTS/CODE_RD_MISS": 36111120.852355674,
					"contender-L2_RQSTS/DEMAND_DATA_RD_MISS": 10434054.316902453,
					"contender-L2_RQSTS/MISS": 55667731.8853027,
					"contender-L2_RQSTS/REFERENCES": 130730432.66308413,
					"contender-L2_TRANS/CODE_RD": 96647816.1300124,
					"contender-L2_TRANS/DEMAND_DATA_RD": 20401786.568577606,
					"contender-LLC_MISS": 5118.764632553112,
					"contender-LLC_REFERENCE": 55741381.82419996,
					"contender-MEM_LOAD_UOPS_RETIRED/L1_MISS": 16222709.317823395,
					"contender-MEM_LOAD_UOPS_RETIRED/L2_MISS": 7795215.550026414,
					"contender-MEM_LOAD_UOPS_RETIRED/L3_MISS": 1607.9203390680639,
					"contender-MEM_UOPS_RETIRED/ALL_LOADS": 301213218.279601,
					"contender-cpu-cycles": 1813982697.5717742,
					"contender-dTLB-load-misses": 785998.6769536817,
					"contender-iTLB-load-misses": 732810.1479069302,
					"contender-instructions": 1041010781.0860392,
					"contender-stalled-cycles": 1283836710.9706273,
					"contender_tput": 0.0,
					"cpu-cycles": 124415102.68083641,
					"dTLB-load-misses": 56851.61640581261,
					"iTLB-load-misses": 48001.62884578769,
					"instructions": 74119645.29916851,
					"intel_cqm/local_bytes": 0.3296391453852395,
					"mean": 90.19,
					"mite_throughput": 0.0,
					"mite_tput_limit": 0.01,
					"stalled-cycles": 87312070.60187288
				}
			]
		},
		"contention": {
			"description": "Contention",
			"samples": [
				{
					"50tail-latency": 164.0,
					"95tail-latency": 230.0,
					"999tail-latency": 272.0,
					"99tail-latency": 242.0,
					"L1-dcache-load-misses": 318230.43091231235,
					"L1-icache-load-misses": 369300.03305079293,
					"L2_RQSTS/ALL_CODE_RD": 1228901.0144576717,
					"L2_RQSTS/ALL_DEMAND_DATA_RD": 272526.27048392076,
					"L2_RQSTS/ALL_DEMAND_MISS": 1132969.6401548418,
					"L2_RQSTS/ALL_DEMAND_REFERENCES": 1626625.729024526,
					"L2_RQSTS/CODE_RD_MISS": 863180.9244522974,
					"L2_RQSTS/DEMAND_DATA_RD_MISS": 201574.81436136176,
					"L2_RQSTS/MISS": 1206446.6044554391,
					"L2_RQSTS/REFERENCES": 1649367.395909718,
					"L2_TRANS/CODE_RD": 1274101.8955259528,
					"L2_TRANS/DEMAND_DATA_RD": 310489.0732763836,
					"LLC_MISS": 2413.5210656504496,
					"LLC_REFERENCE": 1105724.3022084394,
					"MEM_LOAD_UOPS_RETIRED/L1_MISS": 139921.6017951778,
					"MEM_LOAD_UOPS_RETIRED/L2_MISS": 125431.19836237906,
					"MEM_LOAD_UOPS_RETIRED/L3_MISS": 738.6842220972857,
					"MEM_UOPS_RETIRED/ALL_LOADS": 1503760.294562538,
					"contender-L1-dcache-load-misses": 9864893.540877124,
					"contender-L1-icache-load-misses": 8714622.057519758,
					"contender-L2_RQSTS/ALL_CODE_RD": 21685470.208728403,
					"contender-L2_RQSTS/ALL_DEMAND_DATA_RD": 6556348.777409351,
					"contender-L2_RQSTS/ALL_DEMAND_MISS": 17508871.09348255,
					"contender-L2_RQSTS/ALL_DEMAND_REFERENCES": 32821306.81338738,
					"contender-L2_RQSTS/CODE_RD_MISS": 12186891.647975862,
					"contender-L2_RQSTS/DEMAND_DATA_RD_MISS": 3555695.847649888,
					"contender-L2_RQSTS/MISS": 19722277.484429315,
					"contender-L2_RQSTS/REFERENCES": 35321300.318217695,
					"contender-L2_TRANS/CODE_RD": 22219681.03879354,
					"contender-L2_TRANS/DEMAND_DATA_RD": 7252043.6982466085,
					"contender-LLC_MISS": 127509.2550750923,
					"contender-LLC_REFERENCE": 19530883.55761072,
					"contender-MEM_LOAD_UOPS_RETIRED/L1_MISS": 5560230.204836507,
					"contender-MEM_LOAD_UOPS_RETIRED/L2_MISS": 2496953.4523163615,
					"contender-MEM_LOAD_UOPS_RETIRED/L3_MISS": 46344.44177362728,
					"contender-MEM_UOPS_RETIRED/ALL_LOADS": 147210001.54621235,
					"contender-cpu-cycles": 713366093.0635802,
					"contender-dTLB-load-misses": 794581.5290127025,
					"contender-iTLB-load-misses": 519200.0841471162,
					"contender-instructions": 518196604.078518,
					"contender-stalled-cycles": 465445053.0865406,
					"contender_tput": 0.5882352941176471,
					"cpu-cycles": 30126277.646987554,
					"dTLB-load-misses": 32229.758416118213,
					"iTLB-load-misses": 16508.987699732003,
					"instructions": 10489475.154395368,
					"intel_cqm/local_bytes": 30.30066847953283,
					"mean": 165.68,
					"mite_throughput": 0.0,
					"mite_tput_limit": 0.001,
					"stalled-cycles": 21367408.421130307
				},
				{
					"50tail-latency": 142.0,
					"95tail-latency": 210.0,
					"999tail-latency": 748.0,
					"99tail-latency": 236.0,
					"L1-dcache-load-misses": 469440.19899715704,
					"L1-icache-load-misses": 693503.7242834383,
					"L2_RQSTS/ALL_CODE_RD": 1784769.95313892,
					"L2_RQSTS/ALL_DEMAND_DATA_RD": 457408.6096678722,
					"L2_RQSTS/ALL_DEMAND_MISS": 1240160.7702791418,
					"L2_RQSTS/ALL_DEMAND_REFERENCES": 1695250.522384948,
					"L2_RQSTS/CODE_RD_MISS": 995065.3609543213,
					"L2_RQSTS/DEMAND_DATA_RD_MISS": 289322.9916981535,
					"L2_RQSTS/MISS": 1290776.433364031,
					"L2_RQSTS/REFERENCES": 1994762.3081857287,
					"L2_TRANS/CODE_RD": 1620658.3127227067,
					"L2_TRANS/DEMAND_DATA_RD": 430836.0822552675,
					"LLC_MISS": 545.1360980612161,
					"LLC_REFERENCE": 1422873.958413398,
					"MEM_LOAD_UOPS_RETIRED/L1_MISS": 157197.30708127815,
					"MEM_LOAD_UOPS_RETIRED/L2_MISS": 129131.99130169446,
					"MEM_LOAD_UOPS_RETIRED/L3_MISS": 322.01293668520333,
					"MEM_UOPS_RETIRED/ALL_LOADS": 3011654.646849417,
					"contender-L1-dcache-load-misses": 12184405.670239866,
					"contender-L1-icache-load-misses": 12826489.196030246,
					"contender-L2_RQSTS/ALL_CODE_RD": 29933916.10261729,
					"contender-L2_RQSTS/ALL_DEMAND_DATA_RD": 9362447.287333263,
					"contender-L2_RQSTS/ALL_DEMAND_MISS": 24686997.557585046,
					"contender-L2_RQSTS/ALL_DEMAND_REFERENCES": 40886255.05614704,
					"contender-L2_RQSTS/CODE_RD_MISS": 17538076.307474185,
					"contender-L2_RQSTS/DEMAND_DATA_RD_MISS": 5509794.899149008,
					"contender-L2_RQSTS/MISS": 26656193.463140797,
					"contender-L2_RQSTS/REFERENCES": 43234301.0038026,
					"contender-L2_TRANS/CODE_RD": 30119369.879248183,
					"contender-L2_TRANS/DEMAND_DATA_RD": 9272480.450744936,
					"contender-LLC_MISS": 382662.8475404522,
					"contender-LLC_REFERENCE": 26340088.403718874,
					"contender-MEM_LOAD_UOPS_RETIRED/L1_MISS": 6741560.474131298,
					"contender-MEM_LOAD_UOPS_RETIRED/L2_MISS": 3539227.12572205,
					"contender-MEM_LOAD_UOPS_RETIRED/L3_MISS": 49037.56779281084,
					"contender-MEM_UOPS_RETIRED/ALL_LOADS": 143708231.87528813,
					"contender-cpu-cycles": 840704163.7637789,
					"contender-dTLB-load-misses": 1107685.2444471023,
					"contender-iTLB-load-misses": 1421873.7968333026,
					"contender-instructions": 434198085.1551407,
					"contender-stalled-cycles": 605653500.26173,
					"contender_tput": 0.6896551724137931,
					"cpu-cycles": 42622316.57714397,
					"dTLB-load-misses": 44982.75571610452,
					"iTLB-load-misses": 68191.20867853447,
					"instructions": 13499898.584228663,
					"intel_cqm/local_bytes": 28.72107862165141,
					"mean": 146.17,
					"mite_throughput": 0.0,
					"mite_tput_limit": 0.002,
					"stalled-cycles": 29699329.015664063
				},
				{
					"50tail-latency": 116.0,
					"95tail-latency": 174.0,
					"999tail-latency": 1080.0,
					"99tail-latency": 216.0,
					"L1-dcache-load-misses": 570763.4854400054,
					"L1-icache-load-misses": 700080.4958380522,
					"L2_RQSTS/ALL_CODE_RD": 2095298.389274439,
					"L2_RQSTS/ALL_DEMAND_DATA_RD": 613296.7631104363,
					"L2_RQSTS/ALL_DEMAND_MISS": 1611899.3685902795,
					"L2_RQSTS/ALL_DEMAND_REFERENCES": 2787083.2813494634,
					"L2_RQSTS/CODE_RD_MISS": 1125596.1907047466,
					"L2_RQSTS/DEMAND_DATA_RD_MISS": 418096.2425916208,
					"L2_RQSTS/MISS": 1603797.9496880462,
					"L2_RQSTS/REFERENCES": 2655891.856847176,
					"L2_TRANS/CODE_RD": 2107054.8576895827,
					"L2_TRANS/DEMAND_DATA_RD": 525140.3157312127,
					"LLC_MISS": 2509.4913836146934,
					"LLC_REFERENCE": 1405700.5621844744,
					"MEM_LOAD_UOPS_RETIRED/L1_MISS": 356966.6164520136,
					"MEM_LOAD_UOPS_RETIRED/L2_MISS": 273418.4144083556,
					"MEM_LOAD_UOPS_RETIRED/L3_MISS": 2612.8799101811514,
					"MEM_UOPS_RETIRED/ALL_LOADS": 5103390.883460352,
					"contender-L1-dcache-load-misses": 14646844.953183226,
					"contender-L1-icache-load-misses": 15137908.476832831,
					"contender-L2_RQSTS/ALL_CODE_RD": 35332429.16808345,
					"contender-L2_RQSTS/ALL_DEMAND_DATA_RD": 10219663.082622483,
					"contender-L2_RQSTS/ALL_DEMAND_MISS": 25908817.80951804,
					"contender-L2_RQSTS/ALL_DEMAND_REFERENCES": 48590506.909729026,
					"contender-L2_RQSTS/CODE_RD_MISS": 17942656.947165407,
					"contender-L2_RQSTS/DEMAND_DATA_RD_MISS": 5801568.4670746615,
					"contender-L2_RQSTS/MISS": 29484437.264339555,
					"contender-L2_RQSTS/REFERENCES": 54429801.585049,
					"contender-L2_TRANS/CODE_RD": 35268172.86744891,
					"contender-L2_TRANS/DEMAND_DATA_RD": 9891933.714225667,
					"contender-LLC_MISS": 134817.8102089544,
					"contender-LLC_REFERENCE": 29102284.937717166,
					"contender-MEM_LOAD_UOPS_RETIRED/L1_MISS": 8197021.97451307,
					"contender-MEM_LOAD_UOPS_RETIRED/L2_MISS": 4268950.369879537,
					"contender-MEM_LOAD_UOPS_RETIRED/L3_MISS": 46108.96323426205,
					"contender-MEM_UOPS_RETIRED/ALL_LOADS": 174504515.27063492,
					"contender-cpu-cycles": 930061654.8282565,
					"contender-dTLB-load-misses": 1029221.5152706788,
					"contender-iTLB-load-misses": 1020830.4759446665,
					"contender-instructions": 550592001.8332641,
					"contender-stalled-cycles": 661858706.1230267,
					"contender_tput": 0.704225352112676,
					"cpu-cycles": 39680315.51818929,
					"dTLB-load-misses": 47122.303344006374,
					"iTLB-load-misses": 51136.89308552123,
					"instructions": 15574374.905491766,
					"intel_cqm/local_bytes": 28.97994872185207,
					"mean": 124.05,
					"mite_throughput": 0.0,
					"mite_tput_limit": 0.003,
					"stalled-cycles": 29853694.026200414
				},
				{
					"50tail-latency": 89.0,
					"95tail-latency": 121.0,
					"999tail-latency": 1312.0,
					"99tail-latency": 138.0,
					"L1-dcache-load-misses": 816901.8992484777,
					"L1-icache-load-misses": 1098525.0781743794,
					"L2_RQSTS/ALL_CODE_RD": 2581651.8088510837,
					"L2_RQSTS/ALL_DEMAND_DATA_RD": 609011.2364959712,
					"L2_RQSTS/ALL_DEMAND_MISS": 1279962.6705679884,
					"L2_RQSTS/ALL_DEMAND_REFERENCES": 2740645.576731562,
					"L2_RQSTS/CODE_RD_MISS": 1018685.7516240906,
					"L2_RQSTS/DEMAND_DATA_RD_MISS": 324004.2209419786,
					"L2_RQSTS/MISS": 1108095.578753647,
					"L2_RQSTS/REFERENCES": 2440544.5789248366,
					"L2_TRANS/CODE_RD": 2996251.732202123,
					"L2_TRANS/DEMAND_DATA_RD": 677179.1845095474,
					"LLC_MISS": 775.010415971006,
					"LLC_REFERENCE": 1253405.2272800482,
					"MEM_LOAD_UOPS_RETIRED/L1_MISS": 452461.2861969352,
					"MEM_LOAD_UOPS_RETIRED/L2_MISS": 262157.79333075497,
					"MEM_LOAD_UOPS_RETIRED/L3_MISS": 3036.9208925105836,
					"MEM_UOPS_RETIRED/ALL_LOADS": 7149352.798012948,
					"contender-L1-dcache-load-misses": 15983576.583633702,
					"contender-L1-icache-load-misses": 18108737.317198906,
					"contender-L2_RQSTS/ALL_CODE_RD": 43300910.95758082,
					"contender-L2_RQSTS/ALL_DEMAND_DATA_RD": 11954220.559509847,
					"contender-L2_RQSTS/ALL_DEMAND_MISS": 24833744.079686653,
					"contender-L2_RQSTS/ALL_DEMAND_REFERENCES": 58874954.17804759,
					"contender-L2_RQSTS/CODE_RD_MISS": 17197157.242973957,
					"contender-L2_RQSTS/DEMAND_DATA_RD_MISS": 5959531.062091762,
					"contender-L2_RQSTS/MISS": 27801162.70740507,
					"contender-L2_RQSTS/REFERENCES": 62793566.71401688,
					"contender-L2_TRANS/CODE_RD": 43706549.22243868,
					"contender-L2_TRANS/DEMAND_DATA_RD": 11783469.429679682,
					"contender-LLC_MISS": 396518.3902579456,
					"contender-LLC_REFERENCE": 28512916.8328662,
					"contender-MEM_LOAD_UOPS_RETIRED/L1_MISS": 9461756.578224959,
					"contender-MEM_LOAD_UOPS_RETIRED/L2_MISS": 4229531.7050356325,
					"contender-MEM_LOAD_UOPS_RETIRED/L3_MISS": 33874.48262778103,
					"contender-MEM_UOPS_RETIRED/ALL_LOADS": 208402280.9581716,
					"contender-cpu-cycles": 1056036579.7547278,
					"contender-dTLB-load-misses": 860720.6369442885,
					"contender-iTLB-load-misses": 1099398.3316807034,
					"contender-instructions": 654551084.1230388,
					"contender-stalled-cycles": 731401949.303415,
					"contender_tput": 0.6993006993006993,
					"cpu-cycles": 44677399.20396934,
					"dTLB-load-misses": 43788.58551630966,
					"iTLB-load-misses": 59333.690762349725,
					"instructions": 22184741.413752213,
					"intel_cqm/local_bytes": 29.550397424316433,
					"mean": 96.66,
					"mite_throughput": 0.0,
					"mite_tput_limit": 0.004,
					"stalled-cycles": 37352679.673264116
				},
				{
					"50tail-latency": 87.0,
					"95tail-latency": 124.0,
					"999tail-latency": 1664.0,
					"99tail-latency": 156.0,
					"L1-dcache-load-misses": 883826.6867349736,
					"L1-icache-load-misses": 1202961.0173691013,
					"L2_RQSTS/ALL_CODE_RD": 2948757.086936766,
					"L2_RQSTS/ALL_DEMAND_DATA_RD": 701478.2704530264,
					"L2_RQSTS/ALL_DEMAND_MISS": 1711480.9705570226,
					"L2_RQSTS/ALL_DEMAND_REFERENCES": 3430870.908089389,
					"L2_RQSTS/CODE_RD_MISS": 1182473.9781529885,
					"L2_RQSTS/DEMAND_DATA_RD_MISS": 381993.71136447205,
					"L2_RQSTS/MISS": 1730401.921987092,
					"L2_RQSTS/REFERENCES": 4192045.9002401177,
					"L2_TRANS/CODE_RD": 3339020.9280157727,
					"L2_TRANS/DEMAND_DATA_RD": 791354.943468612,
					"LLC_MISS": 1524.0073567981858,
					"LLC_REFERENCE": 1970794.6575994506,
					"MEM_LOAD_UOPS_RETIRED/L1_MISS": 552312.9233666323,
					"MEM_LOAD_UOPS_RETIRED/L2_MISS": 284227.289207371,
					"MEM_LOAD_UOPS_RETIRED/L3_MISS": 4038.3958396904636,
					"MEM_UOPS_RETIRED/ALL_LOADS": 9919936.845903847,
					"contender-L1-dcache-load-misses": 18020001.4877221,
					"contender-L1-icache-load-misses": 21510009.646605406,
					"contender-L2_RQSTS/ALL_CODE_RD": 52326892.49526742,
					"contender-L2_RQSTS/ALL_DEMAND_DATA_RD": 13627756.288638055,
					"contender-L2_RQSTS/ALL_DEMAND_MISS": 29629105.74239824,
					"contender-L2_RQSTS/ALL_DEMAND_REFERENCES": 69334350.88405856,
					"contender-L2_RQSTS/CODE_RD_MISS": 20533548.36202947,
					"contender-L2_RQSTS/DEMAND_DATA_RD_MISS": 6831886.08297126,
					"contender-L2_RQSTS/MISS": 33293794.23619493,
					"contender-L2_RQSTS/REFERENCES": 75521902.09711102,
					"contender-L2_TRANS/CODE_RD": 52870841.02213117,
					"contender-L2_TRANS/DEMAND_DATA_RD": 13239439.247260073,
					"contender-LLC_MISS": 161263.4704943936,
					"contender-LLC_REFERENCE": 33049312.24375163,
					"contender-MEM_LOAD_UOPS_RETIRED/L1_MISS": 11113355.049080217,
					"contender-MEM_LOAD_UOPS_RETIRED/L2_MISS": 5200840.527548618,
					"contender-MEM_LOAD_UOPS_RETIRED/L3_MISS": 27191.909499510795,
					"contender-MEM_UOPS_RETIRED/ALL_LOADS": 232827035.26546612,
					"contender-cpu-cycles": 1175900523.8904264,
					"contender-dTLB-load-misses": 885558.6111732787,
					"contender-iTLB-load-misses": 1287340.3958838414,
					"contender-instructions": 750838102.8626872,
					"contender-stalled-cycles": 816718105.2725571,
					"contender_tput": 0.6993006993006993,
					"cpu-cycles": 61271948.88909871,
					"dTLB-load-misses": 47362.68281235923,
					"iTLB-load-misses": 78874.9601616997,
					"instructions": 33709417.50004951,
					"intel_cqm/local_bytes": 29.624632058128142,
					"mean": 95.72,
					"mite_throughput": 0.0,
					"mite_tput_limit": 0.005,
					"stalled-cycles": 51320194.76556899
				},
				{
					"50tail-latency": 85.0,
					"95tail-latency": 112.0,
					"999tail-latency": 2560.0,
					"99tail-latency": 128.0,
					"L1-dcache-load-misses": 1687959.9902713427,
					"L1-icache-load-misses": 2247169.13112541,
					"L2_RQSTS/ALL_CODE_RD": 5499736.298104151,
					"L2_RQSTS/ALL_DEMAND_DATA_RD": 1252530.2657558962,
					"L2_RQSTS/ALL_DEMAND_MISS": 2960360.170739326,
					"L2_RQSTS/ALL_DEMAND_REFERENCES": 6647609.886111653,
					"L2_RQSTS/CODE_RD_MISS": 1984260.550766869,
					"L2_RQSTS/DEMAND_DATA_RD_MISS": 723519.6312195254,
					"L2_RQSTS/MISS": 3039647.3199083842,
					"L2_RQSTS/REFERENCES": 7425854.949621608,
					"L2_TRANS/CODE_RD": 5372825.865905874,
					"L2_TRANS/DEMAND_DATA_RD": 1306724.391212,
					"LLC_MISS": 1174.772922420378,
					"LLC_REFERENCE": 3252978.528023216,
					"MEM_LOAD_UOPS_RETIRED/L1_MISS": 1011002.188109249,
					"MEM_LOAD_UOPS_RETIRED/L2_MISS": 543514.6318624372,
					"MEM_LOAD_UOPS_RETIRED/L3_MISS": 7507.3804794076195,
					"MEM_UOPS_RETIRED/ALL_LOADS": 16902630.488390673,
					"contender-L1-dcache-load-misses": 31169037.736015886,
					"contender-L1-icache-load-misses": 41054914.4014152,
					"contender-L2_RQSTS/ALL_CODE_RD": 96667941.3949662,
					"contender-L2_RQSTS/ALL_DEMAND_DATA_RD": 22906467.795093607,
					"contender-L2_RQSTS/ALL_DEMAND_MISS": 51431755.195017956,
					"contender-L2_RQSTS/ALL_DEMAND_REFERENCES": 125687344.48215522,
					"contender-L2_RQSTS/CODE_RD_MISS": 35182606.93085862,
					"contender-L2_RQSTS/DEMAND_DATA_RD_MISS": 11470585.364849474,
					"contender-L2_RQSTS/MISS": 55896532.12154192,
					"contender-L2_RQSTS/REFERENCES": 132330503.12036397,
					"contender-L2_TRANS/CODE_RD": 96854591.6230204,
					"contender-L2_TRANS/DEMAND_DATA_RD": 22952795.199713692,
					"contender-LLC_MISS": 366244.6947217133,
					"contender-LLC_REFERENCE": 55920228.20754766,
					"contender-MEM_LOAD_UOPS_RETIRED/L1_MISS": 18333175.87935739,
					"contender-MEM_LOAD_UOPS_RETIRED/L2_MISS": 8397307.332921267,
					"contender-MEM_LOAD_UOPS_RETIRED/L3_MISS": 79356.39963888889,
					"contender-MEM_UOPS_RETIRED/ALL_LOADS": 372574313.40854216,
					"contender-cpu-cycles": 1921780839.1975412,
					"contender-dTLB-load-misses": 1010271.9104273947,
					"contender-iTLB-load-misses": 608588.0392631894,
					"contender-instructions": 1216184155.8367338,
					"contender-stalled-cycles": 1363619848.7698598,
					"contender_tput": 0.6993006993006993,
					"cpu-cycles": 106365979.3086975,
					"dTLB-load-misses": 52396.926660106525,
					"iTLB-load-misses": 34297.04070322158,
					"instructions": 62473208.65200307,
					"intel_cqm/local_bytes": 28.780885262848567,
					"mean": 93.0,
					"mite_throughput": 0.0,
					"mite_tput_limit": 0.01,
					"stalled-cycles": 76899042.2438189
				}
			]
		}
	},
	"legend": {
		"args": {},
		"samples": {
			"50tail-latency": {
				"description": "Median tail RTT",
				"unit": "us"
			},
			"95tail-latency": {
				"description": "95th percentile tail RTT",
				"unit": "us"
			},
			"999tail-latency": {
				"description": "99.9th percentile tail RTT",
				"unit": "us"
			},
			"99tail-latency": {
				"description": "99th percentile tail RTT",
				"unit": "us"
			},
			"contender_tput": {
				"description": "Contender throughput",
				"unit": "epochs/s"
			},
			"intel_cqm/local_bytes": {
				"description": "System-wide memory bandwidth usage",
				"unit": "MB/s"
			},
			"mean": {
				"description": "Mean RTT",
				"unit": "us"
			},
			"mite_throughput": {
				"description": "Mite Throughput",
				"unit": "Mops"
			},
			"mite_tput_limit": {
				"description": "Mite throughput limit",
				"unit": "Mops"
			},
			"perf_data": {
				"description": "Perf datafile",
				"unit": "all ur base64s are belong to me"
			}
		}
	},
	"meta": {
		"command": "DEFAULT_NUM_TRASH=1 DEFAULT_MITE_TPUT_LIMIT_LOOP='0.001 0.002 0.003 0.004 0.005 0.01' DEFAULT_CACHE_WAYS=0x7f DEFAULT_ZIPF_ALPHA=0.99 WARMUP_DURATION=10 MAIN_DURATION=300 ./network_rtt -l contender_duration,grpc_interval,tensorflow_mnist_long wimpy catbench ''",
	}
}
