{
	"data": {
		"allocation": {
			"description": "Allocation",
			"samples": [
				{
					"50tail-latency": 85.0,
					"95tail-latency": 123.0,
					"999tail-latency": 140.0,
					"99tail-latency": 134.0,
					"L1-dcache-load-misses": 2609259.4426577967,
					"L1-icache-load-misses": 2854696.974713624,
					"L2_RQSTS/ALL_CODE_RD": 6702977.297037521,
					"L2_RQSTS/ALL_DEMAND_DATA_RD": 2096986.008865879,
					"L2_RQSTS/ALL_DEMAND_MISS": 4049042.106759295,
					"L2_RQSTS/ALL_DEMAND_REFERENCES": 9242305.0953058,
					"L2_RQSTS/CODE_RD_MISS": 2389791.2340658167,
					"L2_RQSTS/DEMAND_DATA_RD_MISS": 1307798.847070636,
					"L2_RQSTS/MISS": 4344925.69153089,
					"L2_RQSTS/REFERENCES": 9754559.191599783,
					"L2_TRANS/CODE_RD": 6670894.932351651,
					"L2_TRANS/DEMAND_DATA_RD": 2108182.3391700247,
					"LLC_MISS": 17782.748329731356,
					"LLC_REFERENCE": 4355102.456604237,
					"MEM_LOAD_UOPS_RETIRED/L1_MISS": 1762693.5576526467,
					"MEM_LOAD_UOPS_RETIRED/L2_MISS": 1075633.8974871947,
					"MEM_LOAD_UOPS_RETIRED/L3_MISS": 15826.754576942594,
					"MEM_UOPS_RETIRED/ALL_LOADS": 26595152.6127845,
					"contender-L1-dcache-load-misses": 41264510.85845576,
					"contender-L1-icache-load-misses": 40739558.25347,
					"contender-L2_RQSTS/ALL_CODE_RD": 96603532.89923748,
					"contender-L2_RQSTS/ALL_DEMAND_DATA_RD": 26476920.62512875,
					"contender-L2_RQSTS/ALL_DEMAND_MISS": 51004216.61938442,
					"contender-L2_RQSTS/ALL_DEMAND_REFERENCES": 130784260.87551934,
					"contender-L2_RQSTS/CODE_RD_MISS": 34677626.250516035,
					"contender-L2_RQSTS/DEMAND_DATA_RD_MISS": 10858665.249875847,
					"contender-L2_RQSTS/MISS": 58497794.245032154,
					"contender-L2_RQSTS/REFERENCES": 150556284.90274224,
					"contender-L2_TRANS/CODE_RD": 96552492.98021519,
					"contender-L2_TRANS/DEMAND_DATA_RD": 26636950.777759895,
					"contender-LLC_MISS": 382175.64579297014,
					"contender-LLC_REFERENCE": 58575168.6486626,
					"contender-MEM_LOAD_UOPS_RETIRED/L1_MISS": 21789390.614939146,
					"contender-MEM_LOAD_UOPS_RETIRED/L2_MISS": 8231678.9225065345,
					"contender-MEM_LOAD_UOPS_RETIRED/L3_MISS": 33083.931296872586,
					"contender-MEM_UOPS_RETIRED/ALL_LOADS": 1230263667.7444654,
					"contender-cpu-cycles": 3886583561.6675415,
					"contender-dTLB-load-misses": 805237.125463469,
					"contender-iTLB-load-misses": 779792.9424048981,
					"contender-instructions": 5267975145.162109,
					"contender-stalled-cycles": 1835885595.609227,
					"contender_tput": 0.8912020533295308,
					"cpu-cycles": 146337071.3585491,
					"dTLB-load-misses": 67358.63269722425,
					"iTLB-load-misses": 52188.90993379204,
					"instructions": 95726044.57780588,
					"intel_cqm/local_bytes": 67.5914507560694,
					"mean": 91.37,
					"mite_throughput": 0.0,
					"mite_tput_limit": 0.01,
					"stalled-cycles": 101177539.71806207
				},
				{
					"50tail-latency": 95.0,
					"95tail-latency": 128.0,
					"999tail-latency": 186.0,
					"99tail-latency": 156.0,
					"L1-dcache-load-misses": 5326768.377297429,
					"L1-icache-load-misses": 5983389.054815767,
					"L2_RQSTS/ALL_CODE_RD": 13542525.284880513,
					"L2_RQSTS/ALL_DEMAND_DATA_RD": 4148995.3607523255,
					"L2_RQSTS/ALL_DEMAND_MISS": 7795775.549092657,
					"L2_RQSTS/ALL_DEMAND_REFERENCES": 18686190.469407644,
					"L2_RQSTS/CODE_RD_MISS": 4566494.18404767,
					"L2_RQSTS/DEMAND_DATA_RD_MISS": 2501359.824179521,
					"L2_RQSTS/MISS": 8537199.28960223,
					"L2_RQSTS/REFERENCES": 19810985.661281273,
					"L2_TRANS/CODE_RD": 13582486.333497548,
					"L2_TRANS/DEMAND_DATA_RD": 4228291.50877958,
					"LLC_MISS": 28169.709889074456,
					"LLC_REFERENCE": 8592657.187695732,
					"MEM_LOAD_UOPS_RETIRED/L1_MISS": 3554516.0906134564,
					"MEM_LOAD_UOPS_RETIRED/L2_MISS": 2081049.4562614944,
					"MEM_LOAD_UOPS_RETIRED/L3_MISS": 23867.76980366761,
					"MEM_UOPS_RETIRED/ALL_LOADS": 53025497.12784793,
					"contender-L1-dcache-load-misses": 67064471.52753307,
					"contender-L1-icache-load-misses": 75465533.26882987,
					"contender-L2_RQSTS/ALL_CODE_RD": 171928763.71126723,
					"contender-L2_RQSTS/ALL_DEMAND_DATA_RD": 45465708.080761485,
					"contender-L2_RQSTS/ALL_DEMAND_MISS": 88304667.45151955,
					"contender-L2_RQSTS/ALL_DEMAND_REFERENCES": 231956528.32058322,
					"contender-L2_RQSTS/CODE_RD_MISS": 57304047.341388665,
					"contender-L2_RQSTS/DEMAND_DATA_RD_MISS": 20568648.755319465,
					"contender-L2_RQSTS/MISS": 100323433.91241637,
					"contender-L2_RQSTS/REFERENCES": 258842459.83260363,
					"contender-L2_TRANS/CODE_RD": 172061960.5444097,
					"contender-L2_TRANS/DEMAND_DATA_RD": 45824284.41835909,
					"contender-LLC_MISS": 391031.8469035519,
					"contender-LLC_REFERENCE": 100391599.53058033,
					"contender-MEM_LOAD_UOPS_RETIRED/L1_MISS": 37400294.97870702,
					"contender-MEM_LOAD_UOPS_RETIRED/L2_MISS": 15817549.21409861,
					"contender-MEM_LOAD_UOPS_RETIRED/L3_MISS": 32959.05963226735,
					"contender-MEM_UOPS_RETIRED/ALL_LOADS": 1481790818.160362,
					"contender-cpu-cycles": 5222508220.597061,
					"contender-dTLB-load-misses": 1086018.7056362883,
					"contender-iTLB-load-misses": 1431426.4411915168,
					"contender-instructions": 6149920019.31554,
					"contender-stalled-cycles": 2747084138.2966065,
					"contender_tput": 0.889785265156009,
					"cpu-cycles": 278116298.4373508,
					"dTLB-load-misses": 87627.55154527484,
					"iTLB-load-misses": 105417.52716026547,
					"instructions": 188655394.2188058,
					"intel_cqm/local_bytes": 69.32056381411186,
					"mean": 99.47,
					"mite_throughput": 0.0,
					"mite_tput_limit": 0.02,
					"stalled-cycles": 190357267.8508706
				},
				{
					"50tail-latency": 102.0,
					"95tail-latency": 140.0,
					"999tail-latency": 204.0,
					"99tail-latency": 170.0,
					"L1-dcache-load-misses": 5499520.7283403985,
					"L1-icache-load-misses": 6327584.422621722,
					"L2_RQSTS/ALL_CODE_RD": 14434070.163450835,
					"L2_RQSTS/ALL_DEMAND_DATA_RD": 4317556.997443605,
					"L2_RQSTS/ALL_DEMAND_MISS": 8075908.647342476,
					"L2_RQSTS/ALL_DEMAND_REFERENCES": 20041434.924012914,
					"L2_RQSTS/CODE_RD_MISS": 4752649.739955548,
					"L2_RQSTS/DEMAND_DATA_RD_MISS": 2506554.440597362,
					"L2_RQSTS/MISS": 8809812.879937729,
					"L2_RQSTS/REFERENCES": 20866452.40668199,
					"L2_TRANS/CODE_RD": 14530968.45192624,
					"L2_TRANS/DEMAND_DATA_RD": 4388205.213779548,
					"LLC_MISS": 30467.172529356645,
					"LLC_REFERENCE": 8720343.961002542,
					"MEM_LOAD_UOPS_RETIRED/L1_MISS": 3689666.7821142618,
					"MEM_LOAD_UOPS_RETIRED/L2_MISS": 2085263.6647837257,
					"MEM_LOAD_UOPS_RETIRED/L3_MISS": 28278.77819790555,
					"MEM_UOPS_RETIRED/ALL_LOADS": 56628438.90025877,
					"contender-L1-dcache-load-misses": 68381863.35358159,
					"contender-L1-icache-load-misses": 78326848.67946482,
					"contender-L2_RQSTS/ALL_CODE_RD": 180298210.34776312,
					"contender-L2_RQSTS/ALL_DEMAND_DATA_RD": 46742078.073825516,
					"contender-L2_RQSTS/ALL_DEMAND_MISS": 89190624.748198,
					"contender-L2_RQSTS/ALL_DEMAND_REFERENCES": 241130929.24203363,
					"contender-L2_RQSTS/CODE_RD_MISS": 58600828.81124574,
					"contender-L2_RQSTS/DEMAND_DATA_RD_MISS": 20151311.365409434,
					"contender-L2_RQSTS/MISS": 101218952.25431798,
					"contender-L2_RQSTS/REFERENCES": 267358149.26470333,
					"contender-L2_TRANS/CODE_RD": 179781763.3297939,
					"contender-L2_TRANS/DEMAND_DATA_RD": 47169980.67953259,
					"contender-LLC_MISS": 396384.88022357365,
					"contender-LLC_REFERENCE": 100750241.63889588,
					"contender-MEM_LOAD_UOPS_RETIRED/L1_MISS": 38450061.17605784,
					"contender-MEM_LOAD_UOPS_RETIRED/L2_MISS": 15355022.819901405,
					"contender-MEM_LOAD_UOPS_RETIRED/L3_MISS": 35096.49137383723,
					"contender-MEM_UOPS_RETIRED/ALL_LOADS": 1507548586.3982432,
					"contender-cpu-cycles": 5327135619.403508,
					"contender-dTLB-load-misses": 1181533.3559935428,
					"contender-iTLB-load-misses": 1162841.6821467797,
					"contender-instructions": 6245417446.206495,
					"contender-stalled-cycles": 2790706052.075882,
					"contender_tput": 0.8897219322387776,
					"cpu-cycles": 287858962.4204442,
					"dTLB-load-misses": 97833.22666324808,
					"iTLB-load-misses": 81992.06768929238,
					"instructions": 197355145.41881183,
					"intel_cqm/local_bytes": 67.75222699866275,
					"mean": 105.89,
					"mite_throughput": 0.0,
					"mite_tput_limit": 0.022,
					"stalled-cycles": 195551783.50416642
				},
				{
					"50tail-latency": 108.0,
					"95tail-latency": 158.0,
					"999tail-latency": 216.0,
					"99tail-latency": 204.0,
					"L1-dcache-load-misses": 5625838.368755551,
					"L1-icache-load-misses": 6458969.250793664,
					"L2_RQSTS/ALL_CODE_RD": 15081092.508731004,
					"L2_RQSTS/ALL_DEMAND_DATA_RD": 4513761.877943384,
					"L2_RQSTS/ALL_DEMAND_MISS": 7832817.307149827,
					"L2_RQSTS/ALL_DEMAND_REFERENCES": 20206391.67249858,
					"L2_RQSTS/CODE_RD_MISS": 4481981.087736018,
					"L2_RQSTS/DEMAND_DATA_RD_MISS": 2542882.9846423143,
					"L2_RQSTS/MISS": 8616184.691031763,
					"L2_RQSTS/REFERENCES": 21746603.513939388,
					"L2_TRANS/CODE_RD": 14661711.791384246,
					"L2_TRANS/DEMAND_DATA_RD": 4472353.300828281,
					"LLC_MISS": 33264.1849895796,
					"LLC_REFERENCE": 8634735.058420926,
					"MEM_LOAD_UOPS_RETIRED/L1_MISS": 3685259.3647679985,
					"MEM_LOAD_UOPS_RETIRED/L2_MISS": 2045716.742248607,
					"MEM_LOAD_UOPS_RETIRED/L3_MISS": 29802.099201629186,
					"MEM_UOPS_RETIRED/ALL_LOADS": 57487554.57882643,
					"contender-L1-dcache-load-misses": 69902242.9497647,
					"contender-L1-icache-load-misses": 80118395.4318437,
					"contender-L2_RQSTS/ALL_CODE_RD": 186928807.66991588,
					"contender-L2_RQSTS/ALL_DEMAND_DATA_RD": 47790619.752184935,
					"contender-L2_RQSTS/ALL_DEMAND_MISS": 88380168.28619494,
					"contender-L2_RQSTS/ALL_DEMAND_REFERENCES": 248862761.93179536,
					"contender-L2_RQSTS/CODE_RD_MISS": 58071745.343593925,
					"contender-L2_RQSTS/DEMAND_DATA_RD_MISS": 19784189.015763607,
					"contender-L2_RQSTS/MISS": 100201522.27437043,
					"contender-L2_RQSTS/REFERENCES": 276122601.16635716,
					"contender-L2_TRANS/CODE_RD": 186856903.2095623,
					"contender-L2_TRANS/DEMAND_DATA_RD": 48343596.02977667,
					"contender-LLC_MISS": 399035.816425762,
					"contender-LLC_REFERENCE": 100227476.613184,
					"contender-MEM_LOAD_UOPS_RETIRED/L1_MISS": 38926342.39237282,
					"contender-MEM_LOAD_UOPS_RETIRED/L2_MISS": 15028854.578348309,
					"contender-MEM_LOAD_UOPS_RETIRED/L3_MISS": 34354.09511289647,
					"contender-MEM_UOPS_RETIRED/ALL_LOADS": 1528223357.5821643,
					"contender-cpu-cycles": 5400028239.993686,
					"contender-dTLB-load-misses": 1243704.8800070977,
					"contender-iTLB-load-misses": 1336011.3913035693,
					"contender-instructions": 6329155765.915096,
					"contender-stalled-cycles": 2831037325.2923965,
					"contender_tput": 0.8902077151335311,
					"cpu-cycles": 295313681.64379406,
					"dTLB-load-misses": 118520.46198491994,
					"iTLB-load-misses": 102613.74714230998,
					"instructions": 206419548.65917778,
					"intel_cqm/local_bytes": 69.11376281975885,
					"mean": 133.11,
					"mite_throughput": 0.0,
					"mite_tput_limit": 0.024,
					"stalled-cycles": 198956225.53780618
				},
				{
					"50tail-latency": 104.0,
					"95tail-latency": 150.0,
					"999tail-latency": 224.0,
					"99tail-latency": 186.0,
					"L1-dcache-load-misses": 5886608.854383614,
					"L1-icache-load-misses": 6754811.5307406485,
					"L2_RQSTS/ALL_CODE_RD": 15798703.757886205,
					"L2_RQSTS/ALL_DEMAND_DATA_RD": 4741673.2568973955,
					"L2_RQSTS/ALL_DEMAND_MISS": 8011476.845307774,
					"L2_RQSTS/ALL_DEMAND_REFERENCES": 21679001.690352786,
					"L2_RQSTS/CODE_RD_MISS": 4426201.84242746,
					"L2_RQSTS/DEMAND_DATA_RD_MISS": 2649288.6746558566,
					"L2_RQSTS/MISS": 8937174.004032323,
					"L2_RQSTS/REFERENCES": 22757117.64282226,
					"L2_TRANS/CODE_RD": 15141367.152286896,
					"L2_TRANS/DEMAND_DATA_RD": 4655008.184514097,
					"LLC_MISS": 23825.33654589427,
					"LLC_REFERENCE": 8782498.383785065,
					"MEM_LOAD_UOPS_RETIRED/L1_MISS": 3822122.0387960486,
					"MEM_LOAD_UOPS_RETIRED/L2_MISS": 2122900.010828728,
					"MEM_LOAD_UOPS_RETIRED/L3_MISS": 22513.484711212244,
					"MEM_UOPS_RETIRED/ALL_LOADS": 60125188.78043285,
					"contender-L1-dcache-load-misses": 72606068.32164954,
					"contender-L1-icache-load-misses": 84148059.83493324,
					"contender-L2_RQSTS/ALL_CODE_RD": 194868250.46095765,
					"contender-L2_RQSTS/ALL_DEMAND_DATA_RD": 50051365.64618977,
					"contender-L2_RQSTS/ALL_DEMAND_MISS": 88447884.62559238,
					"contender-L2_RQSTS/ALL_DEMAND_REFERENCES": 260009461.35937905,
					"contender-L2_RQSTS/CODE_RD_MISS": 56733170.15136026,
					"contender-L2_RQSTS/DEMAND_DATA_RD_MISS": 20551222.992876977,
					"contender-L2_RQSTS/MISS": 101064473.3442204,
					"contender-L2_RQSTS/REFERENCES": 287941250.8197457,
					"contender-L2_TRANS/CODE_RD": 194328643.3973159,
					"contender-L2_TRANS/DEMAND_DATA_RD": 50316118.354435496,
					"contender-LLC_MISS": 394801.4335268665,
					"contender-LLC_REFERENCE": 101131619.37391722,
					"contender-MEM_LOAD_UOPS_RETIRED/L1_MISS": 40881787.09625962,
					"contender-MEM_LOAD_UOPS_RETIRED/L2_MISS": 15458859.782212973,
					"contender-MEM_LOAD_UOPS_RETIRED/L3_MISS": 37313.374426615606,
					"contender-MEM_UOPS_RETIRED/ALL_LOADS": 1568255615.6531518,
					"contender-cpu-cycles": 5553030181.710677,
					"contender-dTLB-load-misses": 1117216.495301557,
					"contender-iTLB-load-misses": 1834438.4658500836,
					"contender-instructions": 6452087296.618652,
					"contender-stalled-cycles": 2909280842.173967,
					"contender_tput": 0.8905248159582047,
					"cpu-cycles": 318193531.5556833,
					"dTLB-load-misses": 123114.11908363913,
					"iTLB-load-misses": 142150.72509182608,
					"instructions": 218873451.0773971,
					"intel_cqm/local_bytes": 65.11868518539536,
					"mean": 110.49,
					"mite_throughput": 0.0,
					"mite_tput_limit": 0.026,
					"stalled-cycles": 213083785.6097679
				},
				{
					"50tail-latency": 127.0,
					"95tail-latency": 3968.0,
					"999tail-latency": 3968.0,
					"99tail-latency": 3968.0,
					"L1-dcache-load-misses": 5048741.381030776,
					"L1-icache-load-misses": 5345501.986709948,
					"L2_RQSTS/ALL_CODE_RD": 12693866.71108145,
					"L2_RQSTS/ALL_DEMAND_DATA_RD": 3959024.4992204155,
					"L2_RQSTS/ALL_DEMAND_MISS": 6309034.637189291,
					"L2_RQSTS/ALL_DEMAND_REFERENCES": 17200633.06381623,
					"L2_RQSTS/CODE_RD_MISS": 3443319.8908295347,
					"L2_RQSTS/DEMAND_DATA_RD_MISS": 2241075.0449555167,
					"L2_RQSTS/MISS": 7193227.4009397505,
					"L2_RQSTS/REFERENCES": 18937892.292379078,
					"L2_TRANS/CODE_RD": 12408193.009141656,
					"L2_TRANS/DEMAND_DATA_RD": 3998394.294093333,
					"LLC_MISS": 41341.31523309722,
					"LLC_REFERENCE": 7393533.353542586,
					"MEM_LOAD_UOPS_RETIRED/L1_MISS": 3331056.843611312,
					"MEM_LOAD_UOPS_RETIRED/L2_MISS": 1844612.4247128302,
					"MEM_LOAD_UOPS_RETIRED/L3_MISS": 27575.497372083748,
					"MEM_UOPS_RETIRED/ALL_LOADS": 55984952.476169825,
					"contender-L1-dcache-load-misses": 64057956.74922734,
					"contender-L1-icache-load-misses": 65857542.33768589,
					"contender-L2_RQSTS/ALL_CODE_RD": 161667390.50643262,
					"contender-L2_RQSTS/ALL_DEMAND_DATA_RD": 43488795.54069806,
					"contender-L2_RQSTS/ALL_DEMAND_MISS": 71858776.63773425,
					"contender-L2_RQSTS/ALL_DEMAND_REFERENCES": 218131433.93997142,
					"contender-L2_RQSTS/CODE_RD_MISS": 44934930.78188973,
					"contender-L2_RQSTS/DEMAND_DATA_RD_MISS": 17311520.396532807,
					"contender-L2_RQSTS/MISS": 84159196.84831849,
					"contender-L2_RQSTS/REFERENCES": 244822730.41334787,
					"contender-L2_TRANS/CODE_RD": 161335823.91187796,
					"contender-L2_TRANS/DEMAND_DATA_RD": 43858225.078120254,
					"contender-LLC_MISS": 474356.60050164605,
					"contender-LLC_REFERENCE": 84245861.22362101,
					"contender-MEM_LOAD_UOPS_RETIRED/L1_MISS": 35331265.05555196,
					"contender-MEM_LOAD_UOPS_RETIRED/L2_MISS": 13105877.987574982,
					"contender-MEM_LOAD_UOPS_RETIRED/L3_MISS": 36227.62375676173,
					"contender-MEM_UOPS_RETIRED/ALL_LOADS": 1504568451.595681,
					"contender-cpu-cycles": 5076644486.993419,
					"contender-dTLB-load-misses": 1014727.0502084498,
					"contender-iTLB-load-misses": 448482.20400526345,
					"contender-instructions": 6259796495.220424,
					"contender-stalled-cycles": 2527125498.557933,
					"contender_tput": 0.8903556674106083,
					"cpu-cycles": 266919473.04197383,
					"dTLB-load-misses": 116055.25327189622,
					"iTLB-load-misses": 34893.11478702123,
					"instructions": 195511918.29415944,
					"intel_cqm/local_bytes": 75.27607990173105,
					"mean": 850.65,
					"mite_throughput": 0.0,
					"mite_tput_limit": 0.028,
					"stalled-cycles": 175679404.7469484
				},
				{
					"50tail-latency": 162.0,
					"95tail-latency": 3968.0,
					"999tail-latency": 3968.0,
					"99tail-latency": 3968.0,
					"L1-dcache-load-misses": 4686989.921978425,
					"L1-icache-load-misses": 4447082.638570783,
					"L2_RQSTS/ALL_CODE_RD": 11029213.16790166,
					"L2_RQSTS/ALL_DEMAND_DATA_RD": 3656468.176631627,
					"L2_RQSTS/ALL_DEMAND_MISS": 5777316.207101153,
					"L2_RQSTS/ALL_DEMAND_REFERENCES": 15838765.643672233,
					"L2_RQSTS/CODE_RD_MISS": 2929178.656199133,
					"L2_RQSTS/DEMAND_DATA_RD_MISS": 2096104.5699958643,
					"L2_RQSTS/MISS": 6542938.349987429,
					"L2_RQSTS/REFERENCES": 17112924.81737351,
					"L2_TRANS/CODE_RD": 11185207.324407682,
					"L2_TRANS/DEMAND_DATA_RD": 3678493.369406186,
					"LLC_MISS": 48514.77820275175,
					"LLC_REFERENCE": 6504140.210420263,
					"MEM_LOAD_UOPS_RETIRED/L1_MISS": 3055728.3861659537,
					"MEM_LOAD_UOPS_RETIRED/L2_MISS": 1730350.6449146878,
					"MEM_LOAD_UOPS_RETIRED/L3_MISS": 31315.61302058065,
					"MEM_UOPS_RETIRED/ALL_LOADS": 53723040.87107163,
					"contender-L1-dcache-load-misses": 60978617.108996645,
					"contender-L1-icache-load-misses": 57522443.0069095,
					"contender-L2_RQSTS/ALL_CODE_RD": 142994336.46484765,
					"contender-L2_RQSTS/ALL_DEMAND_DATA_RD": 40115774.619222865,
					"contender-L2_RQSTS/ALL_DEMAND_MISS": 63250012.96863601,
					"contender-L2_RQSTS/ALL_DEMAND_REFERENCES": 197904062.2630049,
					"contender-L2_RQSTS/CODE_RD_MISS": 37886682.136712864,
					"contender-L2_RQSTS/DEMAND_DATA_RD_MISS": 15629467.670226257,
					"contender-L2_RQSTS/MISS": 75750920.20145246,
					"contender-L2_RQSTS/REFERENCES": 225468837.63337097,
					"contender-L2_TRANS/CODE_RD": 143842149.85377648,
					"contender-L2_TRANS/DEMAND_DATA_RD": 40616741.56994473,
					"contender-LLC_MISS": 585283.6878761095,
					"contender-LLC_REFERENCE": 75881030.9225427,
					"contender-MEM_LOAD_UOPS_RETIRED/L1_MISS": 32773132.264657155,
					"contender-MEM_LOAD_UOPS_RETIRED/L2_MISS": 11796435.668743666,
					"contender-MEM_LOAD_UOPS_RETIRED/L3_MISS": 55768.01575821516,
					"contender-MEM_UOPS_RETIRED/ALL_LOADS": 1495286987.6766224,
					"contender-cpu-cycles": 4922736704.801089,
					"contender-dTLB-load-misses": 974378.8331462876,
					"contender-iTLB-load-misses": 755375.010770696,
					"contender-instructions": 6210521048.041178,
					"contender-stalled-cycles": 2409760118.7712436,
					"contender_tput": 0.8908209806157354,
					"cpu-cycles": 248142328.67907608,
					"dTLB-load-misses": 114092.67270630151,
					"iTLB-load-misses": 58093.381946198846,
					"instructions": 188132082.67541465,
					"intel_cqm/local_bytes": 106.62660310331053,
					"mean": 1398.38,
					"mite_throughput": 0.0,
					"mite_tput_limit": 0.03,
					"stalled-cycles": 159300607.87115887
				},
				{
					"50tail-latency": 3968.0,
					"95tail-latency": 3968.0,
					"999tail-latency": 3968.0,
					"99tail-latency": 3968.0,
					"L1-dcache-load-misses": 5423324.22060076,
					"L1-icache-load-misses": 4081432.303793011,
					"L2_RQSTS/ALL_CODE_RD": 10466511.917799124,
					"L2_RQSTS/ALL_DEMAND_DATA_RD": 3813073.3940239153,
					"L2_RQSTS/ALL_DEMAND_MISS": 5310119.336291568,
					"L2_RQSTS/ALL_DEMAND_REFERENCES": 16466632.788591018,
					"L2_RQSTS/CODE_RD_MISS": 2225223.114791685,
					"L2_RQSTS/DEMAND_DATA_RD_MISS": 2138446.0771101546,
					"L2_RQSTS/MISS": 6532414.427157134,
					"L2_RQSTS/REFERENCES": 18529896.355162892,
					"L2_TRANS/CODE_RD": 10695069.628569454,
					"L2_TRANS/DEMAND_DATA_RD": 3861183.0282165995,
					"LLC_MISS": 298285.38947344304,
					"LLC_REFERENCE": 6574312.742893374,
					"MEM_LOAD_UOPS_RETIRED/L1_MISS": 3315026.989442246,
					"MEM_LOAD_UOPS_RETIRED/L2_MISS": 1792920.9491368886,
					"MEM_LOAD_UOPS_RETIRED/L3_MISS": 94811.38607312104,
					"MEM_UOPS_RETIRED/ALL_LOADS": 64677655.59831589,
					"contender-L1-dcache-load-misses": 54575319.24301618,
					"contender-L1-icache-load-misses": 40227336.00998138,
					"contender-L2_RQSTS/ALL_CODE_RD": 108456627.62410031,
					"contender-L2_RQSTS/ALL_DEMAND_DATA_RD": 34836946.96744941,
					"contender-L2_RQSTS/ALL_DEMAND_MISS": 45940301.29288883,
					"contender-L2_RQSTS/ALL_DEMAND_REFERENCES": 156944879.65566164,
					"contender-L2_RQSTS/CODE_RD_MISS": 23408769.47979115,
					"contender-L2_RQSTS/DEMAND_DATA_RD_MISS": 13587086.604175154,
					"contender-L2_RQSTS/MISS": 59794334.23217496,
					"contender-L2_RQSTS/REFERENCES": 184678861.83659914,
					"contender-L2_TRANS/CODE_RD": 107850512.06133799,
					"contender-L2_TRANS/DEMAND_DATA_RD": 34957855.39333757,
					"contender-LLC_MISS": 1413415.9307356002,
					"contender-LLC_REFERENCE": 59695650.29662401,
					"contender-MEM_LOAD_UOPS_RETIRED/L1_MISS": 29067185.782514263,
					"contender-MEM_LOAD_UOPS_RETIRED/L2_MISS": 10602334.511505364,
					"contender-MEM_LOAD_UOPS_RETIRED/L3_MISS": 165714.12959899663,
					"contender-MEM_UOPS_RETIRED/ALL_LOADS": 1477231527.530009,
					"contender-cpu-cycles": 4552352196.951701,
					"contender-dTLB-load-misses": 797474.6766701438,
					"contender-iTLB-load-misses": 423615.13123663876,
					"contender-instructions": 6136207260.645534,
					"contender-stalled-cycles": 2122199425.019261,
					"contender_tput": 0.8905882632341416,
					"cpu-cycles": 297323140.25051177,
					"dTLB-load-misses": 117332.11556085286,
					"iTLB-load-misses": 39830.20298136546,
					"instructions": 238407465.99434197,
					"intel_cqm/local_bytes": 264.3034660716078,
					"mean": 2971.66,
					"mite_throughput": 0.0,
					"mite_tput_limit": 0.04,
					"stalled-cycles": 189762501.74757636
				}
			]
		},
		"basealloc": {
			"description": "Basealloc",
			"samples": []
		},
		"baseline": {
			"description": "Baseline",
			"samples": [
				{
					"50tail-latency": 89.0,
					"95tail-latency": 127.0,
					"999tail-latency": 150.0,
					"99tail-latency": 138.0,
					"L1-dcache-load-misses": 2012058.5070814313,
					"L1-icache-load-misses": 2839229.404828632,
					"L2_RQSTS/ALL_CODE_RD": 6504312.364412223,
					"L2_RQSTS/ALL_DEMAND_DATA_RD": 1546243.1142753297,
					"L2_RQSTS/ALL_DEMAND_MISS": 3518356.060856058,
					"L2_RQSTS/ALL_DEMAND_REFERENCES": 8518164.488691386,
					"L2_RQSTS/CODE_RD_MISS": 2357224.0415608166,
					"L2_RQSTS/DEMAND_DATA_RD_MISS": 844889.9724934015,
					"L2_RQSTS/MISS": 3774831.0994266085,
					"L2_RQSTS/REFERENCES": 8938044.19863728,
					"L2_TRANS/CODE_RD": 6516399.955281693,
					"L2_TRANS/DEMAND_DATA_RD": 1548654.27572205,
					"LLC_MISS": 5322.450346781208,
					"LLC_REFERENCE": 3810467.72754653,
					"MEM_LOAD_UOPS_RETIRED/L1_MISS": 1265931.9401096944,
					"MEM_LOAD_UOPS_RETIRED/L2_MISS": 656801.9733134197,
					"MEM_LOAD_UOPS_RETIRED/L3_MISS": 3785.9058095058776,
					"MEM_UOPS_RETIRED/ALL_LOADS": 21505204.410269033,
					"contender-L1-dcache-load-misses": 27689328.36813352,
					"contender-L1-icache-load-misses": 42420221.93012708,
					"contender-L2_RQSTS/ALL_CODE_RD": 97972495.90324709,
					"contender-L2_RQSTS/ALL_DEMAND_DATA_RD": 20966332.94987339,
					"contender-L2_RQSTS/ALL_DEMAND_MISS": 51076616.545594305,
					"contender-L2_RQSTS/ALL_DEMAND_REFERENCES": 125604041.5985001,
					"contender-L2_RQSTS/CODE_RD_MISS": 35426163.07197911,
					"contender-L2_RQSTS/DEMAND_DATA_RD_MISS": 10633802.443921845,
					"contender-L2_RQSTS/MISS": 54549210.51641827,
					"contender-L2_RQSTS/REFERENCES": 131245801.26161875,
					"contender-L2_TRANS/CODE_RD": 97932312.99966271,
					"contender-L2_TRANS/DEMAND_DATA_RD": 21054113.758063305,
					"contender-LLC_MISS": 4558.267439744084,
					"contender-LLC_REFERENCE": 54549420.6766021,
					"contender-MEM_LOAD_UOPS_RETIRED/L1_MISS": 16660093.855643824,
					"contender-MEM_LOAD_UOPS_RETIRED/L2_MISS": 7918976.405290746,
					"contender-MEM_LOAD_UOPS_RETIRED/L3_MISS": 1475.329914642859,
					"contender-MEM_UOPS_RETIRED/ALL_LOADS": 302430771.99383616,
					"contender-cpu-cycles": 1851445443.712496,
					"contender-dTLB-load-misses": 797653.3792414237,
					"contender-iTLB-load-misses": 1854828.2717849712,
					"contender-instructions": 1041514129.1015143,
					"contender-stalled-cycles": 1319693981.399547,
					"contender_tput": 0.0,
					"cpu-cycles": 128604294.21545228,
					"dTLB-load-misses": 58904.41270524675,
					"iTLB-load-misses": 122275.94403533779,
					"instructions": 74749054.95006333,
					"intel_cqm/local_bytes": 0.48531022181692574,
					"mean": 96.41,
					"mite_throughput": 0.0,
					"mite_tput_limit": 0.01,
					"stalled-cycles": 91154105.27242658
				},
				{
					"50tail-latency": 92.0,
					"95tail-latency": 126.0,
					"999tail-latency": 180.0,
					"99tail-latency": 152.0,
					"L1-dcache-load-misses": 4011053.433506684,
					"L1-icache-load-misses": 5146427.658342171,
					"L2_RQSTS/ALL_CODE_RD": 11783141.7775826,
					"L2_RQSTS/ALL_DEMAND_DATA_RD": 3086311.443859582,
					"L2_RQSTS/ALL_DEMAND_MISS": 6202490.386346894,
					"L2_RQSTS/ALL_DEMAND_REFERENCES": 15917031.191329964,
					"L2_RQSTS/CODE_RD_MISS": 3911905.4589402527,
					"L2_RQSTS/DEMAND_DATA_RD_MISS": 1655272.6833195745,
					"L2_RQSTS/MISS": 6769412.680090774,
					"L2_RQSTS/REFERENCES": 16160560.19368985,
					"L2_TRANS/CODE_RD": 11766299.876534833,
					"L2_TRANS/DEMAND_DATA_RD": 3059906.232965584,
					"LLC_MISS": 14318.613401572835,
					"LLC_REFERENCE": 6722111.264237958,
					"MEM_LOAD_UOPS_RETIRED/L1_MISS": 2516328.6762198037,
					"MEM_LOAD_UOPS_RETIRED/L2_MISS": 1326573.949458718,
					"MEM_LOAD_UOPS_RETIRED/L3_MISS": 11143.156768913466,
					"MEM_UOPS_RETIRED/ALL_LOADS": 41084742.67313777,
					"contender-L1-dcache-load-misses": 52575193.18383974,
					"contender-L1-icache-load-misses": 74963107.42057258,
					"contender-L2_RQSTS/ALL_CODE_RD": 170777085.54010078,
					"contender-L2_RQSTS/ALL_DEMAND_DATA_RD": 39348911.86040911,
					"contender-L2_RQSTS/ALL_DEMAND_MISS": 85950181.77875121,
					"contender-L2_RQSTS/ALL_DEMAND_REFERENCES": 223352612.55912435,
					"contender-L2_RQSTS/CODE_RD_MISS": 57099625.36611699,
					"contender-L2_RQSTS/DEMAND_DATA_RD_MISS": 19415893.832779657,
					"contender-L2_RQSTS/MISS": 93541520.11976728,
					"contender-L2_RQSTS/REFERENCES": 235242448.68033955,
					"contender-L2_TRANS/CODE_RD": 170742275.45025614,
					"contender-L2_TRANS/DEMAND_DATA_RD": 39567369.90777506,
					"contender-LLC_MISS": 8982.128951389393,
					"contender-LLC_REFERENCE": 93438602.37855242,
					"contender-MEM_LOAD_UOPS_RETIRED/L1_MISS": 31705585.9124878,
					"contender-MEM_LOAD_UOPS_RETIRED/L2_MISS": 14875013.4662388,
					"contender-MEM_LOAD_UOPS_RETIRED/L3_MISS": 3652.705733242709,
					"contender-MEM_UOPS_RETIRED/ALL_LOADS": 554415340.2489343,
					"contender-cpu-cycles": 3152413669.8846955,
					"contender-dTLB-load-misses": 1096208.3318294336,
					"contender-iTLB-load-misses": 1400526.542999409,
					"contender-instructions": 1931874338.2859845,
					"contender-stalled-cycles": 2200720534.3384957,
					"contender_tput": 0.0,
					"cpu-cycles": 224337415.8265747,
					"dTLB-load-misses": 81122.40386497664,
					"iTLB-load-misses": 92752.98823414698,
					"instructions": 142710158.7699001,
					"intel_cqm/local_bytes": 0.9034450483373089,
					"mean": 96.89,
					"mite_throughput": 0.0,
					"mite_tput_limit": 0.02,
					"stalled-cycles": 156145022.60741523
				},
				{
					"50tail-latency": 104.0,
					"95tail-latency": 154.0,
					"999tail-latency": 214.0,
					"99tail-latency": 176.0,
					"L1-dcache-load-misses": 4329736.997180722,
					"L1-icache-load-misses": 5626361.785121935,
					"L2_RQSTS/ALL_CODE_RD": 12476934.36703587,
					"L2_RQSTS/ALL_DEMAND_DATA_RD": 3313830.928319826,
					"L2_RQSTS/ALL_DEMAND_MISS": 6556232.753255753,
					"L2_RQSTS/ALL_DEMAND_REFERENCES": 16924748.278918426,
					"L2_RQSTS/CODE_RD_MISS": 4098772.858049744,
					"L2_RQSTS/DEMAND_DATA_RD_MISS": 1800776.5564629007,
					"L2_RQSTS/MISS": 7202251.877466553,
					"L2_RQSTS/REFERENCES": 17874252.81750134,
					"L2_TRANS/CODE_RD": 12592864.815682702,
					"L2_TRANS/DEMAND_DATA_RD": 3374873.3350714264,
					"LLC_MISS": 20060.399913095775,
					"LLC_REFERENCE": 7071813.935610647,
					"MEM_LOAD_UOPS_RETIRED/L1_MISS": 2760068.699245696,
					"MEM_LOAD_UOPS_RETIRED/L2_MISS": 1446876.1505097777,
					"MEM_LOAD_UOPS_RETIRED/L3_MISS": 15207.883547064566,
					"MEM_UOPS_RETIRED/ALL_LOADS": 44559129.475371785,
					"contender-L1-dcache-load-misses": 54344217.4935716,
					"contender-L1-icache-load-misses": 79890038.54480004,
					"contender-L2_RQSTS/ALL_CODE_RD": 181357748.34221944,
					"contender-L2_RQSTS/ALL_DEMAND_DATA_RD": 40993983.62568885,
					"contender-L2_RQSTS/ALL_DEMAND_MISS": 88393291.55681843,
					"contender-L2_RQSTS/ALL_DEMAND_REFERENCES": 235871333.09765983,
					"contender-L2_RQSTS/CODE_RD_MISS": 59186233.66396242,
					"contender-L2_RQSTS/DEMAND_DATA_RD_MISS": 19660338.553798225,
					"contender-L2_RQSTS/MISS": 96557085.18066968,
					"contender-L2_RQSTS/REFERENCES": 248372100.57033098,
					"contender-L2_TRANS/CODE_RD": 181216135.74581248,
					"contender-L2_TRANS/DEMAND_DATA_RD": 41257919.39168494,
					"contender-LLC_MISS": 10993.856692495721,
					"contender-LLC_REFERENCE": 96278584.06915593,
					"contender-MEM_LOAD_UOPS_RETIRED/L1_MISS": 32889168.14149915,
					"contender-MEM_LOAD_UOPS_RETIRED/L2_MISS": 14805677.741069635,
					"contender-MEM_LOAD_UOPS_RETIRED/L3_MISS": 4309.145787223931,
					"contender-MEM_UOPS_RETIRED/ALL_LOADS": 578195540.4940788,
					"contender-cpu-cycles": 3306650843.3165507,
					"contender-dTLB-load-misses": 1221831.307323621,
					"contender-iTLB-load-misses": 2784278.9313534177,
					"contender-instructions": 2013518985.2191417,
					"contender-stalled-cycles": 2286122994.4073105,
					"contender_tput": 0.0,
					"cpu-cycles": 241250495.8010933,
					"dTLB-load-misses": 99286.71033848502,
					"iTLB-load-misses": 190960.65810100897,
					"instructions": 156203772.30890796,
					"intel_cqm/local_bytes": 1.1450354628202555,
					"mean": 108.94,
					"mite_throughput": 0.0,
					"mite_tput_limit": 0.022,
					"stalled-cycles": 168148509.2714789
				},
				{
					"50tail-latency": 107.0,
					"95tail-latency": 150.0,
					"999tail-latency": 214.0,
					"99tail-latency": 176.0,
					"L1-dcache-load-misses": 4578745.637913085,
					"L1-icache-load-misses": 6025730.8727600435,
					"L2_RQSTS/ALL_CODE_RD": 13234438.460965306,
					"L2_RQSTS/ALL_DEMAND_DATA_RD": 3479650.8737649764,
					"L2_RQSTS/ALL_DEMAND_MISS": 6695748.855327728,
					"L2_RQSTS/ALL_DEMAND_REFERENCES": 17961562.911782764,
					"L2_RQSTS/CODE_RD_MISS": 4121642.6453029616,
					"L2_RQSTS/DEMAND_DATA_RD_MISS": 1827667.7315324578,
					"L2_RQSTS/MISS": 7208495.493268456,
					"L2_RQSTS/REFERENCES": 18790348.37925364,
					"L2_TRANS/CODE_RD": 13559801.54384887,
					"L2_TRANS/DEMAND_DATA_RD": 3533845.627934049,
					"LLC_MISS": 22507.060239727383,
					"LLC_REFERENCE": 7361359.38427371,
					"MEM_LOAD_UOPS_RETIRED/L1_MISS": 2915952.636708302,
					"MEM_LOAD_UOPS_RETIRED/L2_MISS": 1487649.384860023,
					"MEM_LOAD_UOPS_RETIRED/L3_MISS": 16886.11799600575,
					"MEM_UOPS_RETIRED/ALL_LOADS": 48011034.095167056,
					"contender-L1-dcache-load-misses": 56171318.87880067,
					"contender-L1-icache-load-misses": 84959375.6632477,
					"contender-L2_RQSTS/ALL_CODE_RD": 190383537.2316668,
					"contender-L2_RQSTS/ALL_DEMAND_DATA_RD": 42133094.14326645,
					"contender-L2_RQSTS/ALL_DEMAND_MISS": 87744905.98374735,
					"contender-L2_RQSTS/ALL_DEMAND_REFERENCES": 246034379.18406892,
					"contender-L2_RQSTS/CODE_RD_MISS": 58568088.21170816,
					"contender-L2_RQSTS/DEMAND_DATA_RD_MISS": 19401825.9699885,
					"contender-L2_RQSTS/MISS": 96321969.32980569,
					"contender-L2_RQSTS/REFERENCES": 260647048.74560386,
					"contender-L2_TRANS/CODE_RD": 190640209.8783534,
					"contender-L2_TRANS/DEMAND_DATA_RD": 42435122.52218532,
					"contender-LLC_MISS": 10670.591716542845,
					"contender-LLC_REFERENCE": 96542878.11842896,
					"contender-MEM_LOAD_UOPS_RETIRED/L1_MISS": 34138335.974167444,
					"contender-MEM_LOAD_UOPS_RETIRED/L2_MISS": 14836649.771344025,
					"contender-MEM_LOAD_UOPS_RETIRED/L3_MISS": 4441.79908813861,
					"contender-MEM_UOPS_RETIRED/ALL_LOADS": 612654616.1694348,
					"contender-cpu-cycles": 3439501176.285483,
					"contender-dTLB-load-misses": 1048986.6205459253,
					"contender-iTLB-load-misses": 4283238.734727879,
					"contender-instructions": 2127648598.8660984,
					"contender-stalled-cycles": 2361825811.114494,
					"contender_tput": 0.0,
					"cpu-cycles": 265273740.6938698,
					"dTLB-load-misses": 94148.74279949833,
					"iTLB-load-misses": 306296.24179506814,
					"instructions": 169860003.99595696,
					"intel_cqm/local_bytes": 1.1498931221420927,
					"mean": 109.31,
					"mite_throughput": 0.0,
					"mite_tput_limit": 0.024,
					"stalled-cycles": 178029844.285665
				},
				{
					"50tail-latency": 109.0,
					"95tail-latency": 752.0,
					"999tail-latency": 3968.0,
					"99tail-latency": 3968.0,
					"L1-dcache-load-misses": 4731589.788977109,
					"L1-icache-load-misses": 5786104.930204802,
					"L2_RQSTS/ALL_CODE_RD": 13021036.120874805,
					"L2_RQSTS/ALL_DEMAND_DATA_RD": 3538139.1733003506,
					"L2_RQSTS/ALL_DEMAND_MISS": 6370238.552574736,
					"L2_RQSTS/ALL_DEMAND_REFERENCES": 17942420.43288065,
					"L2_RQSTS/CODE_RD_MISS": 3723995.464875945,
					"L2_RQSTS/DEMAND_DATA_RD_MISS": 1917719.9030815393,
					"L2_RQSTS/MISS": 7137301.381054164,
					"L2_RQSTS/REFERENCES": 19083328.383910146,
					"L2_TRANS/CODE_RD": 12977570.805709578,
					"L2_TRANS/DEMAND_DATA_RD": 3562359.8920863396,
					"LLC_MISS": 23254.472320704426,
					"LLC_REFERENCE": 7175270.682377642,
					"MEM_LOAD_UOPS_RETIRED/L1_MISS": 3021015.379981687,
					"MEM_LOAD_UOPS_RETIRED/L2_MISS": 1582134.0874771425,
					"MEM_LOAD_UOPS_RETIRED/L3_MISS": 18598.266766929228,
					"MEM_UOPS_RETIRED/ALL_LOADS": 50639533.3931428,
					"contender-L1-dcache-load-misses": 56213356.13902858,
					"contender-L1-icache-load-misses": 79814491.38697746,
					"contender-L2_RQSTS/ALL_CODE_RD": 185108925.21416315,
					"contender-L2_RQSTS/ALL_DEMAND_DATA_RD": 41914468.2970339,
					"contender-L2_RQSTS/ALL_DEMAND_MISS": 82943871.81990387,
					"contender-L2_RQSTS/ALL_DEMAND_REFERENCES": 242945651.66661578,
					"contender-L2_RQSTS/CODE_RD_MISS": 53202748.38061978,
					"contender-L2_RQSTS/DEMAND_DATA_RD_MISS": 19389823.91340546,
					"contender-L2_RQSTS/MISS": 91522213.4478046,
					"contender-L2_RQSTS/REFERENCES": 257133181.4243334,
					"contender-L2_TRANS/CODE_RD": 185789568.51401466,
					"contender-L2_TRANS/DEMAND_DATA_RD": 42282030.280300416,
					"contender-LLC_MISS": 12562.465326292859,
					"contender-LLC_REFERENCE": 91467636.09733376,
					"contender-MEM_LOAD_UOPS_RETIRED/L1_MISS": 33963102.23165468,
					"contender-MEM_LOAD_UOPS_RETIRED/L2_MISS": 14834644.97605353,
					"contender-MEM_LOAD_UOPS_RETIRED/L3_MISS": 4555.858831325457,
					"contender-MEM_UOPS_RETIRED/ALL_LOADS": 625262953.7665308,
					"contender-cpu-cycles": 3401785782.692052,
					"contender-dTLB-load-misses": 1028684.7577587613,
					"contender-iTLB-load-misses": 2323139.9763169754,
					"contender-instructions": 2178152428.4530573,
					"contender-stalled-cycles": 2299688693.3160186,
					"contender_tput": 0.0,
					"cpu-cycles": 265316036.25236738,
					"dTLB-load-misses": 97079.47760557648,
					"iTLB-load-misses": 164858.0128712124,
					"instructions": 177570080.37824306,
					"intel_cqm/local_bytes": 0.6275942151199899,
					"mean": 290.0,
					"mite_throughput": 0.0,
					"mite_tput_limit": 0.026,
					"stalled-cycles": 177935957.7194286
				},
				{
					"50tail-latency": 111.0,
					"95tail-latency": 3968.0,
					"999tail-latency": 3968.0,
					"99tail-latency": 3968.0,
					"L1-dcache-load-misses": 4617629.463767416,
					"L1-icache-load-misses": 5384457.869187392,
					"L2_RQSTS/ALL_CODE_RD": 12850654.146607239,
					"L2_RQSTS/ALL_DEMAND_DATA_RD": 3555974.4560006727,
					"L2_RQSTS/ALL_DEMAND_MISS": 6476797.405329998,
					"L2_RQSTS/ALL_DEMAND_REFERENCES": 17802769.198317457,
					"L2_RQSTS/CODE_RD_MISS": 3782654.3361500707,
					"L2_RQSTS/DEMAND_DATA_RD_MISS": 1889167.9450952737,
					"L2_RQSTS/MISS": 6983014.651269095,
					"L2_RQSTS/REFERENCES": 18710370.898587126,
					"L2_TRANS/CODE_RD": 13558931.300289461,
					"L2_TRANS/DEMAND_DATA_RD": 3727450.3455768507,
					"LLC_MISS": 20494.31260819399,
					"LLC_REFERENCE": 7057674.974151923,
					"MEM_LOAD_UOPS_RETIRED/L1_MISS": 3011414.2285494246,
					"MEM_LOAD_UOPS_RETIRED/L2_MISS": 1533067.2838285065,
					"MEM_LOAD_UOPS_RETIRED/L3_MISS": 15375.735459875828,
					"MEM_UOPS_RETIRED/ALL_LOADS": 51288806.857520655,
					"contender-L1-dcache-load-misses": 55437818.57539574,
					"contender-L1-icache-load-misses": 74975676.43092547,
					"contender-L2_RQSTS/ALL_CODE_RD": 179220813.42275017,
					"contender-L2_RQSTS/ALL_DEMAND_DATA_RD": 41427189.13873296,
					"contender-L2_RQSTS/ALL_DEMAND_MISS": 79271968.11056902,
					"contender-L2_RQSTS/ALL_DEMAND_REFERENCES": 235372970.93036997,
					"contender-L2_RQSTS/CODE_RD_MISS": 50402849.68764691,
					"contender-L2_RQSTS/DEMAND_DATA_RD_MISS": 18733829.44546781,
					"contender-L2_RQSTS/MISS": 88359653.09704456,
					"contender-L2_RQSTS/REFERENCES": 249139087.35196942,
					"contender-L2_TRANS/CODE_RD": 178813298.86188757,
					"contender-L2_TRANS/DEMAND_DATA_RD": 41594369.55657845,
					"contender-LLC_MISS": 11156.705075978447,
					"contender-LLC_REFERENCE": 88294015.88538094,
					"contender-MEM_LOAD_UOPS_RETIRED/L1_MISS": 33607208.45715729,
					"contender-MEM_LOAD_UOPS_RETIRED/L2_MISS": 14191223.80779197,
					"contender-MEM_LOAD_UOPS_RETIRED/L3_MISS": 4469.89746092867,
					"contender-MEM_UOPS_RETIRED/ALL_LOADS": 632406696.8110315,
					"contender-cpu-cycles": 3313202486.5758476,
					"contender-dTLB-load-misses": 927106.657170271,
					"contender-iTLB-load-misses": 534922.3865144232,
					"contender-instructions": 2213297288.070223,
					"contender-stalled-cycles": 2204329464.8244543,
					"contender_tput": 0.0,
					"cpu-cycles": 251013049.83753124,
					"dTLB-load-misses": 92666.04062199596,
					"iTLB-load-misses": 38962.2923517592,
					"instructions": 176911142.41969395,
					"intel_cqm/local_bytes": 0.4942567888636586,
					"mean": 514.1,
					"mite_throughput": 0.0,
					"mite_tput_limit": 0.028,
					"stalled-cycles": 165868513.0489078
				},
				{
					"50tail-latency": 127.0,
					"95tail-latency": 3968.0,
					"999tail-latency": 3968.0,
					"99tail-latency": 3968.0,
					"L1-dcache-load-misses": 4395589.618771192,
					"L1-icache-load-misses": 4878392.058280046,
					"L2_RQSTS/ALL_CODE_RD": 11466178.477950376,
					"L2_RQSTS/ALL_DEMAND_DATA_RD": 3344575.7575322553,
					"L2_RQSTS/ALL_DEMAND_MISS": 5465839.813568994,
					"L2_RQSTS/ALL_DEMAND_REFERENCES": 15956494.548941934,
					"L2_RQSTS/CODE_RD_MISS": 2939478.4569024043,
					"L2_RQSTS/DEMAND_DATA_RD_MISS": 1855427.235649078,
					"L2_RQSTS/MISS": 6535938.844721592,
					"L2_RQSTS/REFERENCES": 18319691.516436923,
					"L2_TRANS/CODE_RD": 11098448.335707152,
					"L2_TRANS/DEMAND_DATA_RD": 3273388.979847393,
					"LLC_MISS": 17017.98043491679,
					"LLC_REFERENCE": 6762803.1796562765,
					"MEM_LOAD_UOPS_RETIRED/L1_MISS": 2730887.121395942,
					"MEM_LOAD_UOPS_RETIRED/L2_MISS": 1489861.7965386538,
					"MEM_LOAD_UOPS_RETIRED/L3_MISS": 11463.809470919856,
					"MEM_UOPS_RETIRED/ALL_LOADS": 47512933.85036008,
					"contender-L1-dcache-load-misses": 53903954.939434245,
					"contender-L1-icache-load-misses": 70966744.03713174,
					"contender-L2_RQSTS/ALL_CODE_RD": 169876279.78400394,
					"contender-L2_RQSTS/ALL_DEMAND_DATA_RD": 39492408.023687474,
					"contender-L2_RQSTS/ALL_DEMAND_MISS": 73596364.02444264,
					"contender-L2_RQSTS/ALL_DEMAND_REFERENCES": 224677266.59456953,
					"contender-L2_RQSTS/CODE_RD_MISS": 45054585.97847343,
					"contender-L2_RQSTS/DEMAND_DATA_RD_MISS": 18230775.43765976,
					"contender-L2_RQSTS/MISS": 82711889.8334288,
					"contender-L2_RQSTS/REFERENCES": 238221764.92631862,
					"contender-L2_TRANS/CODE_RD": 169640513.24941093,
					"contender-L2_TRANS/DEMAND_DATA_RD": 39731114.4856505,
					"contender-LLC_MISS": 18122.022033672452,
					"contender-LLC_REFERENCE": 82691176.78704938,
					"contender-MEM_LOAD_UOPS_RETIRED/L1_MISS": 31741584.345853206,
					"contender-MEM_LOAD_UOPS_RETIRED/L2_MISS": 13866344.743026067,
					"contender-MEM_LOAD_UOPS_RETIRED/L3_MISS": 4931.374915924159,
					"contender-MEM_UOPS_RETIRED/ALL_LOADS": 625630761.065888,
					"contender-cpu-cycles": 3225249405.0198574,
					"contender-dTLB-load-misses": 883306.3448095201,
					"contender-iTLB-load-misses": 757372.0923588587,
					"contender-instructions": 2191533300.7475324,
					"contender-stalled-cycles": 2134188572.2737238,
					"contender_tput": 0.0,
					"cpu-cycles": 249405455.49109527,
					"dTLB-load-misses": 88852.97574840827,
					"iTLB-load-misses": 51836.03067571689,
					"instructions": 178505135.94945383,
					"intel_cqm/local_bytes": 3.306562471086191,
					"mean": 795.69,
					"mite_throughput": 0.0,
					"mite_tput_limit": 0.03,
					"stalled-cycles": 158544801.27237597
				},
				{
					"50tail-latency": 3968.0,
					"95tail-latency": 3968.0,
					"999tail-latency": 3968.0,
					"99tail-latency": 3968.0,
					"L1-dcache-load-misses": 3970947.27867815,
					"L1-icache-load-misses": 3355691.457551989,
					"L2_RQSTS/ALL_CODE_RD": 8706919.528623853,
					"L2_RQSTS/ALL_DEMAND_DATA_RD": 2936891.7827251107,
					"L2_RQSTS/ALL_DEMAND_MISS": 4363157.89948283,
					"L2_RQSTS/ALL_DEMAND_REFERENCES": 13141271.188759878,
					"L2_RQSTS/CODE_RD_MISS": 2019478.7017909414,
					"L2_RQSTS/DEMAND_DATA_RD_MISS": 1586460.40232734,
					"L2_RQSTS/MISS": 5159421.2784939455,
					"L2_RQSTS/REFERENCES": 14050963.530588247,
					"L2_TRANS/CODE_RD": 8792982.304677509,
					"L2_TRANS/DEMAND_DATA_RD": 2981294.404062963,
					"LLC_MISS": 17533.24038449999,
					"LLC_REFERENCE": 5109962.718124258,
					"MEM_LOAD_UOPS_RETIRED/L1_MISS": 2423182.805194331,
					"MEM_LOAD_UOPS_RETIRED/L2_MISS": 1296298.3845437886,
					"MEM_LOAD_UOPS_RETIRED/L3_MISS": 9756.707753160696,
					"MEM_UOPS_RETIRED/ALL_LOADS": 48562212.9046466,
					"contender-L1-dcache-load-misses": 48272974.34078006,
					"contender-L1-icache-load-misses": 48411281.55984734,
					"contender-L2_RQSTS/ALL_CODE_RD": 128787469.25986148,
					"contender-L2_RQSTS/ALL_DEMAND_DATA_RD": 34152495.62593711,
					"contender-L2_RQSTS/ALL_DEMAND_MISS": 53041098.84250296,
					"contender-L2_RQSTS/ALL_DEMAND_REFERENCES": 177494317.5032135,
					"contender-L2_RQSTS/CODE_RD_MISS": 27947306.39033168,
					"contender-L2_RQSTS/DEMAND_DATA_RD_MISS": 14854183.422811545,
					"contender-L2_RQSTS/MISS": 64787470.78296101,
					"contender-L2_RQSTS/REFERENCES": 194574188.20136955,
					"contender-L2_TRANS/CODE_RD": 129218205.2038549,
					"contender-L2_TRANS/DEMAND_DATA_RD": 34673363.02879273,
					"contender-LLC_MISS": 96509.71588574463,
					"contender-LLC_REFERENCE": 64558940.110248625,
					"contender-MEM_LOAD_UOPS_RETIRED/L1_MISS": 27972880.462914534,
					"contender-MEM_LOAD_UOPS_RETIRED/L2_MISS": 11629872.255570311,
					"contender-MEM_LOAD_UOPS_RETIRED/L3_MISS": 16626.085038812096,
					"contender-MEM_UOPS_RETIRED/ALL_LOADS": 634238695.5962279,
					"contender-cpu-cycles": 2869238080.537241,
					"contender-dTLB-load-misses": 835766.8942216883,
					"contender-iTLB-load-misses": 738016.7649129691,
					"contender-instructions": 2224880371.302041,
					"contender-stalled-cycles": 1807466992.221322,
					"contender_tput": 0.0,
					"cpu-cycles": 229733329.0604278,
					"dTLB-load-misses": 83573.92735674349,
					"iTLB-load-misses": 49965.998808458826,
					"instructions": 176528979.83259964,
					"intel_cqm/local_bytes": 47.05312184021012,
					"mean": 2619.93,
					"mite_throughput": 0.0,
					"mite_tput_limit": 0.04,
					"stalled-cycles": 146078002.88406157
				}
			]
		},
		"contention": {
			"description": "Contention",
			"samples": [
				{
					"50tail-latency": 86.0,
					"95tail-latency": 124.0,
					"999tail-latency": 140.0,
					"99tail-latency": 134.0,
					"L1-dcache-load-misses": 2693156.480127942,
					"L1-icache-load-misses": 3014933.466242933,
					"L2_RQSTS/ALL_CODE_RD": 6926545.447155428,
					"L2_RQSTS/ALL_DEMAND_DATA_RD": 2137650.2282707393,
					"L2_RQSTS/ALL_DEMAND_MISS": 4191143.2838685424,
					"L2_RQSTS/ALL_DEMAND_REFERENCES": 9615834.89101759,
					"L2_RQSTS/CODE_RD_MISS": 2503483.578265763,
					"L2_RQSTS/DEMAND_DATA_RD_MISS": 1309231.5794856397,
					"L2_RQSTS/MISS": 4468481.157116817,
					"L2_RQSTS/REFERENCES": 10078623.296184858,
					"L2_TRANS/CODE_RD": 6964549.353011066,
					"L2_TRANS/DEMAND_DATA_RD": 2160994.579813043,
					"LLC_MISS": 18984.554704942944,
					"LLC_REFERENCE": 4468968.226324531,
					"MEM_LOAD_UOPS_RETIRED/L1_MISS": 1804881.8052210812,
					"MEM_LOAD_UOPS_RETIRED/L2_MISS": 1081795.9492699776,
					"MEM_LOAD_UOPS_RETIRED/L3_MISS": 14098.025478346519,
					"MEM_UOPS_RETIRED/ALL_LOADS": 27387704.74250619,
					"contender-L1-dcache-load-misses": 41646532.69042301,
					"contender-L1-icache-load-misses": 41416846.063831724,
					"contender-L2_RQSTS/ALL_CODE_RD": 96381181.03735143,
					"contender-L2_RQSTS/ALL_DEMAND_DATA_RD": 26615031.413124077,
					"contender-L2_RQSTS/ALL_DEMAND_MISS": 51233011.32403312,
					"contender-L2_RQSTS/ALL_DEMAND_REFERENCES": 130985875.58910137,
					"contender-L2_RQSTS/CODE_RD_MISS": 34759542.67020632,
					"contender-L2_RQSTS/DEMAND_DATA_RD_MISS": 10885681.61288159,
					"contender-L2_RQSTS/MISS": 58508233.57868968,
					"contender-L2_RQSTS/REFERENCES": 150173650.42701504,
					"contender-L2_TRANS/CODE_RD": 96341286.38081639,
					"contender-L2_TRANS/DEMAND_DATA_RD": 26798023.254402712,
					"contender-LLC_MISS": 379321.0553481463,
					"contender-LLC_REFERENCE": 58573521.90198976,
					"contender-MEM_LOAD_UOPS_RETIRED/L1_MISS": 21911806.23534082,
					"contender-MEM_LOAD_UOPS_RETIRED/L2_MISS": 8224429.502900444,
					"contender-MEM_LOAD_UOPS_RETIRED/L3_MISS": 33143.438213583075,
					"contender-MEM_UOPS_RETIRED/ALL_LOADS": 1231217462.5554144,
					"contender-cpu-cycles": 3904755757.8595624,
					"contender-dTLB-load-misses": 808568.4848257023,
					"contender-iTLB-load-misses": 1612681.4301552242,
					"contender-instructions": 5263456590.383247,
					"contender-stalled-cycles": 1855559946.1387205,
					"contender_tput": 0.891583452211127,
					"cpu-cycles": 149292786.3964431,
					"dTLB-load-misses": 67826.97188280233,
					"iTLB-load-misses": 112100.28206882757,
					"instructions": 97050042.3311113,
					"intel_cqm/local_bytes": 65.07103304225693,
					"mean": 92.51,
					"mite_throughput": 0.0,
					"mite_tput_limit": 0.01,
					"stalled-cycles": 103423866.83650959
				},
				{
					"50tail-latency": 97.0,
					"95tail-latency": 127.0,
					"999tail-latency": 178.0,
					"99tail-latency": 144.0,
					"L1-dcache-load-misses": 5056437.0700543355,
					"L1-icache-load-misses": 5532831.915968237,
					"L2_RQSTS/ALL_CODE_RD": 12472250.07075804,
					"L2_RQSTS/ALL_DEMAND_DATA_RD": 3962736.223249164,
					"L2_RQSTS/ALL_DEMAND_MISS": 7159174.134288278,
					"L2_RQSTS/ALL_DEMAND_REFERENCES": 17493500.45782823,
					"L2_RQSTS/CODE_RD_MISS": 4050482.670684133,
					"L2_RQSTS/DEMAND_DATA_RD_MISS": 2366110.6760378354,
					"L2_RQSTS/MISS": 7854329.571659017,
					"L2_RQSTS/REFERENCES": 18626616.846406482,
					"L2_TRANS/CODE_RD": 12501225.844960013,
					"L2_TRANS/DEMAND_DATA_RD": 3983138.751960265,
					"LLC_MISS": 30589.299145273926,
					"LLC_REFERENCE": 7851202.417423231,
					"MEM_LOAD_UOPS_RETIRED/L1_MISS": 3370544.915821881,
					"MEM_LOAD_UOPS_RETIRED/L2_MISS": 1980127.3867540655,
					"MEM_LOAD_UOPS_RETIRED/L3_MISS": 20888.875008495277,
					"MEM_UOPS_RETIRED/ALL_LOADS": 50977101.611176185,
					"contender-L1-dcache-load-misses": 67223383.49587369,
					"contender-L1-icache-load-misses": 74031166.99789923,
					"contender-L2_RQSTS/ALL_CODE_RD": 170632444.08375892,
					"contender-L2_RQSTS/ALL_DEMAND_DATA_RD": 45580264.688098304,
					"contender-L2_RQSTS/ALL_DEMAND_MISS": 84711931.73820852,
					"contender-L2_RQSTS/ALL_DEMAND_REFERENCES": 230405560.54731494,
					"contender-L2_RQSTS/CODE_RD_MISS": 54227775.081349604,
					"contender-L2_RQSTS/DEMAND_DATA_RD_MISS": 20041753.240361776,
					"contender-L2_RQSTS/MISS": 96220215.92038094,
					"contender-L2_RQSTS/REFERENCES": 256045807.88975713,
					"contender-L2_TRANS/CODE_RD": 170585622.29922688,
					"contender-L2_TRANS/DEMAND_DATA_RD": 45873657.503220625,
					"contender-LLC_MISS": 394849.83179309295,
					"contender-LLC_REFERENCE": 96244853.78345816,
					"contender-MEM_LOAD_UOPS_RETIRED/L1_MISS": 37751756.183086246,
					"contender-MEM_LOAD_UOPS_RETIRED/L2_MISS": 15554936.206379747,
					"contender-MEM_LOAD_UOPS_RETIRED/L3_MISS": 35858.16370181556,
					"contender-MEM_UOPS_RETIRED/ALL_LOADS": 1493353644.741332,
					"contender-cpu-cycles": 5169488870.090035,
					"contender-dTLB-load-misses": 881388.8739570109,
					"contender-iTLB-load-misses": 888156.8845900613,
					"contender-instructions": 6197262736.945378,
					"contender-stalled-cycles": 2698458304.575861,
					"contender_tput": 0.8899541970239931,
					"cpu-cycles": 259572847.7486945,
					"dTLB-load-misses": 66001.14046980377,
					"iTLB-load-misses": 61150.79517866562,
					"instructions": 181557332.46474054,
					"intel_cqm/local_bytes": 67.66560522847439,
					"mean": 99.21,
					"mite_throughput": 0.0,
					"mite_tput_limit": 0.02,
					"stalled-cycles": 175941736.106389
				},
				{
					"50tail-latency": 105.0,
					"95tail-latency": 150.0,
					"999tail-latency": 216.0,
					"99tail-latency": 176.0,
					"L1-dcache-load-misses": 5445213.415243811,
					"L1-icache-load-misses": 6250103.493539846,
					"L2_RQSTS/ALL_CODE_RD": 14317905.592042133,
					"L2_RQSTS/ALL_DEMAND_DATA_RD": 4297802.008112044,
					"L2_RQSTS/ALL_DEMAND_MISS": 7961220.523165753,
					"L2_RQSTS/ALL_DEMAND_REFERENCES": 20218386.21306555,
					"L2_RQSTS/CODE_RD_MISS": 4597991.21206779,
					"L2_RQSTS/DEMAND_DATA_RD_MISS": 2456104.868010453,
					"L2_RQSTS/MISS": 8742501.19861493,
					"L2_RQSTS/REFERENCES": 21227789.568876117,
					"L2_TRANS/CODE_RD": 14332271.962384036,
					"L2_TRANS/DEMAND_DATA_RD": 4298163.588585621,
					"LLC_MISS": 31620.38239919671,
					"LLC_REFERENCE": 8723941.23653184,
					"MEM_LOAD_UOPS_RETIRED/L1_MISS": 3597669.81677411,
					"MEM_LOAD_UOPS_RETIRED/L2_MISS": 2017958.9434193163,
					"MEM_LOAD_UOPS_RETIRED/L3_MISS": 25748.30504769956,
					"MEM_UOPS_RETIRED/ALL_LOADS": 55406499.75601711,
					"contender-L1-dcache-load-misses": 68065596.33184841,
					"contender-L1-icache-load-misses": 78688743.87715816,
					"contender-L2_RQSTS/ALL_CODE_RD": 181949894.88030374,
					"contender-L2_RQSTS/ALL_DEMAND_DATA_RD": 46603775.305162296,
					"contender-L2_RQSTS/ALL_DEMAND_MISS": 88979790.87663992,
					"contender-L2_RQSTS/ALL_DEMAND_REFERENCES": 242498453.5287365,
					"contender-L2_RQSTS/CODE_RD_MISS": 58637496.89120005,
					"contender-L2_RQSTS/DEMAND_DATA_RD_MISS": 19959423.171796445,
					"contender-L2_RQSTS/MISS": 101008858.83948657,
					"contender-L2_RQSTS/REFERENCES": 269187442.60871273,
					"contender-L2_TRANS/CODE_RD": 181807279.8196934,
					"contender-L2_TRANS/DEMAND_DATA_RD": 46896839.30544081,
					"contender-LLC_MISS": 393070.6285212248,
					"contender-LLC_REFERENCE": 101009385.11512293,
					"contender-MEM_LOAD_UOPS_RETIRED/L1_MISS": 38042302.134384155,
					"contender-MEM_LOAD_UOPS_RETIRED/L2_MISS": 15101823.893509796,
					"contender-MEM_LOAD_UOPS_RETIRED/L3_MISS": 39988.6916138389,
					"contender-MEM_UOPS_RETIRED/ALL_LOADS": 1507115745.4925766,
					"contender-cpu-cycles": 5337428937.991342,
					"contender-dTLB-load-misses": 1248702.912027154,
					"contender-iTLB-load-misses": 1431993.2843879503,
					"contender-instructions": 6243663583.843559,
					"contender-stalled-cycles": 2796681086.713526,
					"contender_tput": 0.8893632159373889,
					"cpu-cycles": 287595126.29615706,
					"dTLB-load-misses": 107390.30169117427,
					"iTLB-load-misses": 105433.82063122188,
					"instructions": 197525829.92106995,
					"intel_cqm/local_bytes": 68.05244613387866,
					"mean": 109.26,
					"mite_throughput": 0.0,
					"mite_tput_limit": 0.022,
					"stalled-cycles": 195996397.74094507
				},
				{
					"50tail-latency": 106.0,
					"95tail-latency": 148.0,
					"999tail-latency": 210.0,
					"99tail-latency": 172.0,
					"L1-dcache-load-misses": 5550771.522471321,
					"L1-icache-load-misses": 6330599.88079589,
					"L2_RQSTS/ALL_CODE_RD": 14558164.225819347,
					"L2_RQSTS/ALL_DEMAND_DATA_RD": 4470001.166512953,
					"L2_RQSTS/ALL_DEMAND_MISS": 7734308.438242308,
					"L2_RQSTS/ALL_DEMAND_REFERENCES": 20304825.0526063,
					"L2_RQSTS/CODE_RD_MISS": 4398132.382255448,
					"L2_RQSTS/DEMAND_DATA_RD_MISS": 2534571.542261455,
					"L2_RQSTS/MISS": 8509963.410471955,
					"L2_RQSTS/REFERENCES": 21730823.793498687,
					"L2_TRANS/CODE_RD": 14701960.030341454,
					"L2_TRANS/DEMAND_DATA_RD": 4474539.480477383,
					"LLC_MISS": 34878.4452213587,
					"LLC_REFERENCE": 8528149.239737889,
					"MEM_LOAD_UOPS_RETIRED/L1_MISS": 3742357.4649611693,
					"MEM_LOAD_UOPS_RETIRED/L2_MISS": 2060159.6627961092,
					"MEM_LOAD_UOPS_RETIRED/L3_MISS": 24090.576636777445,
					"MEM_UOPS_RETIRED/ALL_LOADS": 56461392.683330774,
					"contender-L1-dcache-load-misses": 70840551.81184936,
					"contender-L1-icache-load-misses": 83029061.51866812,
					"contender-L2_RQSTS/ALL_CODE_RD": 188361840.89511085,
					"contender-L2_RQSTS/ALL_DEMAND_DATA_RD": 48635134.00346992,
					"contender-L2_RQSTS/ALL_DEMAND_MISS": 86951944.9922311,
					"contender-L2_RQSTS/ALL_DEMAND_REFERENCES": 251999668.06918582,
					"contender-L2_RQSTS/CODE_RD_MISS": 56581783.69775006,
					"contender-L2_RQSTS/DEMAND_DATA_RD_MISS": 19652451.34380494,
					"contender-L2_RQSTS/MISS": 98681694.45054665,
					"contender-L2_RQSTS/REFERENCES": 278163167.081454,
					"contender-L2_TRANS/CODE_RD": 188433608.57634658,
					"contender-L2_TRANS/DEMAND_DATA_RD": 49088187.1542252,
					"contender-LLC_MISS": 378282.5836027213,
					"contender-LLC_REFERENCE": 98536637.6149584,
					"contender-MEM_LOAD_UOPS_RETIRED/L1_MISS": 40067463.668703586,
					"contender-MEM_LOAD_UOPS_RETIRED/L2_MISS": 14961343.17738035,
					"contender-MEM_LOAD_UOPS_RETIRED/L3_MISS": 40245.77063618883,
					"contender-MEM_UOPS_RETIRED/ALL_LOADS": 1545164455.924564,
					"contender-cpu-cycles": 5488700663.702537,
					"contender-dTLB-load-misses": 1023499.2506774776,
					"contender-iTLB-load-misses": 3629420.668972477,
					"contender-instructions": 6355365733.006529,
					"contender-stalled-cycles": 2888931708.672417,
					"contender_tput": 0.890545964045691,
					"cpu-cycles": 297722138.7308361,
					"dTLB-load-misses": 114805.26648378973,
					"iTLB-load-misses": 270723.1471526338,
					"instructions": 204841028.990545,
					"intel_cqm/local_bytes": 65.3964459950001,
					"mean": 107.67,
					"mite_throughput": 0.0,
					"mite_tput_limit": 0.024,
					"stalled-cycles": 200214407.76418957
				},
				{
					"50tail-latency": 108.0,
					"95tail-latency": 1432.0,
					"999tail-latency": 3968.0,
					"99tail-latency": 3968.0,
					"L1-dcache-load-misses": 5449763.7135923905,
					"L1-icache-load-misses": 6157300.145346617,
					"L2_RQSTS/ALL_CODE_RD": 14188089.60983826,
					"L2_RQSTS/ALL_DEMAND_DATA_RD": 4329757.865043616,
					"L2_RQSTS/ALL_DEMAND_MISS": 7567212.803576936,
					"L2_RQSTS/ALL_DEMAND_REFERENCES": 19636841.793908205,
					"L2_RQSTS/CODE_RD_MISS": 4195180.3975356845,
					"L2_RQSTS/DEMAND_DATA_RD_MISS": 2543926.265700216,
					"L2_RQSTS/MISS": 8381674.808494285,
					"L2_RQSTS/REFERENCES": 21183406.813363377,
					"L2_TRANS/CODE_RD": 14152600.76537119,
					"L2_TRANS/DEMAND_DATA_RD": 4345303.689014461,
					"LLC_MISS": 23464.990667276565,
					"LLC_REFERENCE": 8438529.911913741,
					"MEM_LOAD_UOPS_RETIRED/L1_MISS": 3569819.1674343026,
					"MEM_LOAD_UOPS_RETIRED/L2_MISS": 2052427.7821299974,
					"MEM_LOAD_UOPS_RETIRED/L3_MISS": 20903.76275218251,
					"MEM_UOPS_RETIRED/ALL_LOADS": 57284817.980496846,
					"contender-L1-dcache-load-misses": 69860398.47969848,
					"contender-L1-icache-load-misses": 79660540.30983046,
					"contender-L2_RQSTS/ALL_CODE_RD": 184950542.6989575,
					"contender-L2_RQSTS/ALL_DEMAND_DATA_RD": 47871784.293985866,
					"contender-L2_RQSTS/ALL_DEMAND_MISS": 86660789.05095999,
					"contender-L2_RQSTS/ALL_DEMAND_REFERENCES": 246751647.58401686,
					"contender-L2_RQSTS/CODE_RD_MISS": 55600472.3393271,
					"contender-L2_RQSTS/DEMAND_DATA_RD_MISS": 20565973.650525074,
					"contender-L2_RQSTS/MISS": 98755498.43362477,
					"contender-L2_RQSTS/REFERENCES": 273305612.8443995,
					"contender-L2_TRANS/CODE_RD": 184952190.12742868,
					"contender-L2_TRANS/DEMAND_DATA_RD": 48279375.36709477,
					"contender-LLC_MISS": 409325.06012632884,
					"contender-LLC_REFERENCE": 98704492.3212707,
					"contender-MEM_LOAD_UOPS_RETIRED/L1_MISS": 38898098.4191428,
					"contender-MEM_LOAD_UOPS_RETIRED/L2_MISS": 15499229.821054066,
					"contender-MEM_LOAD_UOPS_RETIRED/L3_MISS": 37160.37754854369,
					"contender-MEM_UOPS_RETIRED/ALL_LOADS": 1546656189.8922696,
					"contender-cpu-cycles": 5412574025.082927,
					"contender-dTLB-load-misses": 1094468.463655075,
					"contender-iTLB-load-misses": 1484160.6234031187,
					"contender-instructions": 6379473797.28774,
					"contender-stalled-cycles": 2806445676.2932315,
					"contender_tput": 0.8905248159582047,
					"cpu-cycles": 293049006.17581016,
					"dTLB-load-misses": 119094.5711860017,
					"iTLB-load-misses": 111851.80232580975,
					"instructions": 206390461.0602998,
					"intel_cqm/local_bytes": 68.9488414319349,
					"mean": 295.69,
					"mite_throughput": 0.0,
					"mite_tput_limit": 0.026,
					"stalled-cycles": 193301256.94469422
				},
				{
					"50tail-latency": 130.0,
					"95tail-latency": 3968.0,
					"999tail-latency": 3968.0,
					"99tail-latency": 3968.0,
					"L1-dcache-load-misses": 5017154.702679527,
					"L1-icache-load-misses": 5400542.323662299,
					"L2_RQSTS/ALL_CODE_RD": 12599950.460601002,
					"L2_RQSTS/ALL_DEMAND_DATA_RD": 3934120.1394975656,
					"L2_RQSTS/ALL_DEMAND_MISS": 6662730.258227744,
					"L2_RQSTS/ALL_DEMAND_REFERENCES": 18214219.832722683,
					"L2_RQSTS/CODE_RD_MISS": 3596332.580877664,
					"L2_RQSTS/DEMAND_DATA_RD_MISS": 2243221.5885594026,
					"L2_RQSTS/MISS": 7363584.654374847,
					"L2_RQSTS/REFERENCES": 18978579.966738887,
					"L2_TRANS/CODE_RD": 12813224.43310006,
					"L2_TRANS/DEMAND_DATA_RD": 3995842.2359545087,
					"LLC_MISS": 29499.584034994285,
					"LLC_REFERENCE": 7234491.431290279,
					"MEM_LOAD_UOPS_RETIRED/L1_MISS": 3315781.680758866,
					"MEM_LOAD_UOPS_RETIRED/L2_MISS": 1847035.4129939252,
					"MEM_LOAD_UOPS_RETIRED/L3_MISS": 18392.71531383393,
					"MEM_UOPS_RETIRED/ALL_LOADS": 54550734.1008595,
					"contender-L1-dcache-load-misses": 64608597.57839267,
					"contender-L1-icache-load-misses": 68943414.12137623,
					"contender-L2_RQSTS/ALL_CODE_RD": 160868757.37260646,
					"contender-L2_RQSTS/ALL_DEMAND_DATA_RD": 43420952.55286854,
					"contender-L2_RQSTS/ALL_DEMAND_MISS": 71491340.44266526,
					"contender-L2_RQSTS/ALL_DEMAND_REFERENCES": 218395586.4018538,
					"contender-L2_RQSTS/CODE_RD_MISS": 44299766.21049695,
					"contender-L2_RQSTS/DEMAND_DATA_RD_MISS": 17303922.70560538,
					"contender-L2_RQSTS/MISS": 83817879.70112137,
					"contender-L2_RQSTS/REFERENCES": 245445722.13236865,
					"contender-L2_TRANS/CODE_RD": 160687040.73459336,
					"contender-L2_TRANS/DEMAND_DATA_RD": 43739327.93775384,
					"contender-LLC_MISS": 419061.7424289983,
					"contender-LLC_REFERENCE": 83939503.24034132,
					"contender-MEM_LOAD_UOPS_RETIRED/L1_MISS": 35703798.84211173,
					"contender-MEM_LOAD_UOPS_RETIRED/L2_MISS": 13251235.868406557,
					"contender-MEM_LOAD_UOPS_RETIRED/L3_MISS": 37172.61038924375,
					"contender-MEM_UOPS_RETIRED/ALL_LOADS": 1512523005.6075127,
					"contender-cpu-cycles": 5134580479.711564,
					"contender-dTLB-load-misses": 928369.0042255387,
					"contender-iTLB-load-misses": 2857291.164890206,
					"contender-instructions": 6273526306.966528,
					"contender-stalled-cycles": 2584033741.781419,
					"contender_tput": 0.8909268014539925,
					"cpu-cycles": 263412714.91247928,
					"dTLB-load-misses": 111607.79809114544,
					"iTLB-load-misses": 226976.3855317627,
					"instructions": 193440583.1482455,
					"intel_cqm/local_bytes": 70.56807672766689,
					"mean": 859.43,
					"mite_throughput": 0.0,
					"mite_tput_limit": 0.028,
					"stalled-cycles": 174639657.3113648
				},
				{
					"50tail-latency": 128.0,
					"95tail-latency": 3968.0,
					"999tail-latency": 3968.0,
					"99tail-latency": 3968.0,
					"L1-dcache-load-misses": 5283216.875520156,
					"L1-icache-load-misses": 5375717.247426418,
					"L2_RQSTS/ALL_CODE_RD": 13172017.60341621,
					"L2_RQSTS/ALL_DEMAND_DATA_RD": 4104760.629691675,
					"L2_RQSTS/ALL_DEMAND_MISS": 6836529.43144405,
					"L2_RQSTS/ALL_DEMAND_REFERENCES": 18492254.218783908,
					"L2_RQSTS/CODE_RD_MISS": 3674055.4292265456,
					"L2_RQSTS/DEMAND_DATA_RD_MISS": 2347559.149546992,
					"L2_RQSTS/MISS": 7559980.56328178,
					"L2_RQSTS/REFERENCES": 20014142.175804857,
					"L2_TRANS/CODE_RD": 13653053.0688561,
					"L2_TRANS/DEMAND_DATA_RD": 4263286.360083626,
					"LLC_MISS": 39098.79833684174,
					"LLC_REFERENCE": 7782639.408166461,
					"MEM_LOAD_UOPS_RETIRED/L1_MISS": 3556900.869253262,
					"MEM_LOAD_UOPS_RETIRED/L2_MISS": 1977103.4584202846,
					"MEM_LOAD_UOPS_RETIRED/L3_MISS": 22123.951845752727,
					"MEM_UOPS_RETIRED/ALL_LOADS": 58947930.90776127,
					"contender-L1-dcache-load-misses": 65200522.88172122,
					"contender-L1-icache-load-misses": 66689966.56497633,
					"contender-L2_RQSTS/ALL_CODE_RD": 162161918.14448836,
					"contender-L2_RQSTS/ALL_DEMAND_DATA_RD": 43914461.01497108,
					"contender-L2_RQSTS/ALL_DEMAND_MISS": 71912155.48941411,
					"contender-L2_RQSTS/ALL_DEMAND_REFERENCES": 220410520.04913783,
					"contender-L2_RQSTS/CODE_RD_MISS": 44114176.102970734,
					"contender-L2_RQSTS/DEMAND_DATA_RD_MISS": 17651884.73698087,
					"contender-L2_RQSTS/MISS": 84611468.48074311,
					"contender-L2_RQSTS/REFERENCES": 247588516.96460143,
					"contender-L2_TRANS/CODE_RD": 161997802.64145288,
					"contender-L2_TRANS/DEMAND_DATA_RD": 44262783.053220175,
					"contender-LLC_MISS": 437422.0235152851,
					"contender-LLC_REFERENCE": 84445708.95157656,
					"contender-MEM_LOAD_UOPS_RETIRED/L1_MISS": 36064335.353863016,
					"contender-MEM_LOAD_UOPS_RETIRED/L2_MISS": 13454675.359156119,
					"contender-MEM_LOAD_UOPS_RETIRED/L3_MISS": 36363.309707158944,
					"contender-MEM_UOPS_RETIRED/ALL_LOADS": 1531718129.4716299,
					"contender-cpu-cycles": 5114390371.382456,
					"contender-dTLB-load-misses": 935712.9630867068,
					"contender-iTLB-load-misses": 459316.2477848992,
					"contender-instructions": 6322246811.647788,
					"contender-stalled-cycles": 2550110302.8060446,
					"contender_tput": 0.8905882632341416,
					"cpu-cycles": 285762624.2484226,
					"dTLB-load-misses": 115278.68513247704,
					"iTLB-load-misses": 33576.57344245883,
					"instructions": 212085003.28288013,
					"intel_cqm/local_bytes": 66.61321739708981,
					"mean": 884.27,
					"mite_throughput": 0.0,
					"mite_tput_limit": 0.03,
					"stalled-cycles": 182029969.64154044
				},
				{
					"50tail-latency": 3968.0,
					"95tail-latency": 3968.0,
					"999tail-latency": 3968.0,
					"99tail-latency": 3968.0,
					"L1-dcache-load-misses": 5563029.33896764,
					"L1-icache-load-misses": 4213079.19343625,
					"L2_RQSTS/ALL_CODE_RD": 12249404.182451412,
					"L2_RQSTS/ALL_DEMAND_DATA_RD": 4296386.3248254815,
					"L2_RQSTS/ALL_DEMAND_MISS": 5592270.702505611,
					"L2_RQSTS/ALL_DEMAND_REFERENCES": 17887279.48353124,
					"L2_RQSTS/CODE_RD_MISS": 2326725.9296594835,
					"L2_RQSTS/DEMAND_DATA_RD_MISS": 2277166.758475603,
					"L2_RQSTS/MISS": 6632836.565658081,
					"L2_RQSTS/REFERENCES": 19178390.847767245,
					"L2_TRANS/CODE_RD": 12381477.659310298,
					"L2_TRANS/DEMAND_DATA_RD": 4355255.357537391,
					"LLC_MISS": 279623.66080112284,
					"LLC_REFERENCE": 6483376.277653954,
					"MEM_LOAD_UOPS_RETIRED/L1_MISS": 3596145.1018177504,
					"MEM_LOAD_UOPS_RETIRED/L2_MISS": 1884412.141535436,
					"MEM_LOAD_UOPS_RETIRED/L3_MISS": 98588.68778475709,
					"MEM_UOPS_RETIRED/ALL_LOADS": 69392535.16975239,
					"contender-L1-dcache-load-misses": 55504617.00632358,
					"contender-L1-icache-load-misses": 40179468.37912307,
					"contender-L2_RQSTS/ALL_CODE_RD": 111759466.24438086,
					"contender-L2_RQSTS/ALL_DEMAND_DATA_RD": 35172473.077440344,
					"contender-L2_RQSTS/ALL_DEMAND_MISS": 46512666.02383684,
					"contender-L2_RQSTS/ALL_DEMAND_REFERENCES": 160557894.48187494,
					"contender-L2_RQSTS/CODE_RD_MISS": 23597685.687065214,
					"contender-L2_RQSTS/DEMAND_DATA_RD_MISS": 13161271.273325482,
					"contender-L2_RQSTS/MISS": 60569931.47169292,
					"contender-L2_RQSTS/REFERENCES": 188771650.12855047,
					"contender-L2_TRANS/CODE_RD": 111954239.24908106,
					"contender-L2_TRANS/DEMAND_DATA_RD": 35764249.360988475,
					"contender-LLC_MISS": 679378.4517142073,
					"contender-LLC_REFERENCE": 60444485.107690714,
					"contender-MEM_LOAD_UOPS_RETIRED/L1_MISS": 29267392.655416377,
					"contender-MEM_LOAD_UOPS_RETIRED/L2_MISS": 10252137.590915436,
					"contender-MEM_LOAD_UOPS_RETIRED/L3_MISS": 73922.2485389831,
					"contender-MEM_UOPS_RETIRED/ALL_LOADS": 1482619209.9403496,
					"contender-cpu-cycles": 4578123134.593476,
					"contender-dTLB-load-misses": 792157.4279547792,
					"contender-iTLB-load-misses": 416930.31601168925,
					"contender-instructions": 6176215229.287119,
					"contender-stalled-cycles": 2127531267.6115189,
					"contender_tput": 0.8907998194645699,
					"cpu-cycles": 297411846.6882498,
					"dTLB-load-misses": 121406.16635828129,
					"iTLB-load-misses": 42095.167557657405,
					"instructions": 238228879.7323275,
					"intel_cqm/local_bytes": 166.79909520023654,
					"mean": 2960.23,
					"mite_throughput": 0.0,
					"mite_tput_limit": 0.04,
					"stalled-cycles": 192945313.69079238
				}
			]
		}
	},
	"legend": {
		"args": {},
		"samples": {
			"50tail-latency": {
				"description": "Median tail RTT",
				"unit": "us"
			},
			"95tail-latency": {
				"description": "95th percentile tail RTT",
				"unit": "us"
			},
			"999tail-latency": {
				"description": "99.9th percentile tail RTT",
				"unit": "us"
			},
			"99tail-latency": {
				"description": "99th percentile tail RTT",
				"unit": "us"
			},
			"contender_tput": {
				"description": "Contender throughput",
				"unit": "images/s"
			},
			"intel_cqm/local_bytes": {
				"description": "System-wide memory bandwidth usage",
				"unit": "MB/s"
			},
			"mean": {
				"description": "Mean RTT",
				"unit": "us"
			},
			"mite_throughput": {
				"description": "Mite Throughput",
				"unit": "Mops"
			},
			"mite_tput_limit": {
				"description": "Mite throughput limit",
				"unit": "Mops"
			},
			"perf_data": {
				"description": "Perf datafile",
				"unit": "all ur base64s are belong to me"
			}
		}
	},
	"meta": {
		"command": "DEFAULT_NUM_TRASH=1 DEFAULT_MITE_TPUT_LIMIT_LOOP='0.01 0.02 0.022 0.024 0.026 0.028 0.03 0.04' DEFAULT_TABLE_ENTRIES=65030 DEFAULT_ZIPF_ALPHA=0.99 WARMUP_DURATION=10 MAIN_DURATION=300 ./network_rtt -l contender_duration,grpc_interval,lepton_long wimpy catbench ''",
	}
}
